﻿IdDon;Auteur;Intermediaire;IdBene;Beneficiaire;Statut;Nature;Lieu;Formes;Poids;Prix;Informations;Sources
1;Jean sans Peur;;186;Yvon de Kermelec;Ecuyer d'écurie du duc;Aucune mention particulière;Aucune mention;Un cheval morel à courte queue valant 50 écus;;50 écus;16 May 1408;ADCO, B 1554, f° 109 v° et 110 r°
2;Jean sans Peur;;496;Willequin Bloc;Fauconnier du duc;Aucune mention particulière;Gand;Un cheval valant 20 écus d'or;;20 écus d'or;11 February 1407;ADCO, B 1547, f° 113 r°
3;Jean sans Peur;;496;Willequin Bloc;Fauconnier du duc;Aucune mention;Gand;Un cheval bai à courte queue valant 30 fr.;;30 fr. monn. royal;10 August 1407;ADCO, B 1547, f° 114 v° et 115 r°
4;Jean sans Peur;;359;Waléran III de Luxembourg;Comte de Saint-Pol;En paiement de ses arrérages en vertue de sa pension;Paris;Deux coursiers valant 405 fr.;;405 fr. monn. royal;14 April 1410;ADCO, B 1560, f° 124 r°
5;Jean sans Peur;;359;Waléran III de Luxembourg;Comte de Saint-Pol, connétable de France;Aucune mention particulière;Aucune mention;Un cheval roux bai à longue queue ;;;12 September 1412;ADCO, B 1571, f° 152 v° et 153 r°
6;Jean sans Peur;Des représentants de Bohême;2301;Un évêque des marches de Bohême;;Lors d'une ambassade de représentants de la Bohême;Paris;Une belle mule valant 80 fr.;;80 fr. monn. royal;25 September 1409;ADCO, B 1558, f° 107 r°
7;Jean sans Peur;;2298;Thibaud de Lugny;Veneur du duc;Aucune mention particulière;Paris;Un cheval gris à longue queue valant 40 fr.;;40 fr. monn. royal;22 June 1409;ADCO, B 1558, f° 105 v°
8;Jean sans Peur;;2285;Thibaud de Laval;Chambellan du roi de Sicile;Aucune mention particulière;Paris;Un cheval valant 120 écus;;120 écus;10 April 1408;ADCO, B 1554, f° 108 r°
9;Jean sans Peur;;817;Simon de Craon;Chevalier et chambellan du duc;Aucune mention particulière;Bruges;Un cheval noir à longue queue valant 100 fr.;;100 fr. monn. royal;4 January 1414;ADCO, B 1576, f° 165 v° et 166 r°
10;Jean sans Peur;;267;Roland d'Uutkerke;Capitaine de Malines, conseiller du duc;Aucune mention particulière;;Un grand cheval à longue queue pour la joute;;;1416;DE LABORDE, Les ducs de Bourgogne, étude sur les lettres, les arts et l'industrie pendant le XVe siècle, t. I, 1851, n° 396, p. 130
11;Jean sans Peur;;2286;Roger d'Espagne;Chevalier;Aucune mention particulière;Paris;Un cheval bai à longue queue valant 90 écus;;90 écus;12 May 1408;ADCO, B 1554, f° 109 r°
12;Jean sans Peur;;2328;Roger de Breaute;Seigneur de Breaute;Aucune mention particulière;Aucune mention;Un coursier morel valant 160 fr.;;160 fr. monn. royal;27 July 1411;ADCO, B 1570, f° 238 r°
13;Jean sans Peur;;2327;Robinet de Rotetanghes/Rotebaughes (?);Capitaine de Sienne;Aucune memntion particulière;Aucune mention;Un cheval bai à courte queue valant 60 écus de 30 gros nouvelle monn. de Flandres;;60 écus de 30 gros nouvelle monn. de Flandre;26 June 1411;ADCO, B 1570, f° 238 r° et 238 v°
14;Jean sans Peur;;601;Robert de Wavrin;Seigneur de Wavrin;Aucune mention particulière;Paris;Un ostoir valant 25 écus;;25 écus;14 March 1408;ADCO, B 1554, f° 136 r°
15;Jean sans Peur;;2361;Robert de Pinay;Ambassadeur du duc de Bretagne;Aucune mention particulière;Aucune mention;Un cheval fauve à longue queue;;;19 August 1419;ADCO, B 1598, f° 343 r°
16;Jean sans Peur;;117;Robert de Mailly, dit aussi Robinet de Mailly;Chevalier et grand panetier de France;Aucune mention particulière;Aucune mention;Un cheval à longue queue valant 100 écus;;100 écus;4 July 1419;ADCO, B 1598, f° 343 r°
17;Jean sans Peur;;281;Richard Le Conte;Barbier;Aucune mention particulière;Aucune mention;Un cheval brun fauve;;;7 September 1412;ADCO, B 1571, f° 151 r° et 152 r°
18;Jean sans Peur;;2324;Rennequin;;Aucune mention particulière;Lille;Un cheval noir valant 36 fr.;;36 fr. monn. royal;10 March 1411;ADCO, B 1562, f° 47 v°
19;Jean sans Peur;;152;Regnier Pot;Chevalier, conseiller et chambellan du duc;"""Pour les bons et agreables services qui lui a fais et fait de jour en jour""";Aucune mention;Un mulet valant 100 fr.;;100 fr. monn. royal;24 May 1407;ADCO, B 1556, f° 80 v° et 81 r°
20;Jean sans Peur;Girart de Bourbon;152;Regnier Pot;Gouverneur du Dauphiné, conseiller du roi et du duc;Aucune mention particulière;Aucune mention;Un cheval bai à longue queue valant 70 écus monn. royal;;70 écus monn. royal;22 August 1411;ADCO, B 1570, f° 243 v°
21;Jean sans Peur;;2332;Regnier de La Haucourt (?);Prévôt de Saint-Quentin en Vermandois;Aucune mention particulière;Aucune mention;Un cheval bai clair à courte queue valant 36 fr.;;36 fr. monn. royal;28 August 1411;ADCO, B 1570, f° 237 v°
22;Jean sans Peur;Jean de Croÿ;89;Regnault d'Azincourt;Ecuyer;"""Pour le bon rapport que lui en fist ledit monseigneur de Croy""";Paris;Un grand cheval gris valant 70 écus d'or monn. royal;;70 écus d'or ;2 September 1409;ADCO, B 1560, f° 122 v°
23;Jean sans Peur;;364;Regnaudin Baudescot;Archer du duc;Aucune mention particulière;Aucune mention;Un cheval gris à courte queue valant 15 écus;;15 écus;1 June 1409;ADCO, B 1558, f° 108 v°
24;Jean sans Peur;;2360;Regnaud de Chevannes;Ecuyer du duc;Aucune mention particulière;Aucune mention;Un cheval gris à longue queue valant 135 fr.;;135 fr. monn. royal;21 July 1419;ADCO, B 1598, f° 211 v°
25;Jean sans Peur;;1127;Raymond de Lespezat;Ecuyer du comte de Foix;Aucune mention particulière;Paris;Un cheval morel à courte queue valant 73 fr. 2 s. 6 d. t.;;73 fr. 2 s. 6 d. t. monn. royal;31 May 1410;ADCO, B 1560, f° 123 v°
26;Jean sans Peur;;5624;Rasse de Montcavrel;Chevalier;Aucune mention particulière;Arras;1 cheval bai;;40 écus or monn. royal;30 May 1414;ADN, B 1903, f° 146 r° et 146 v°
27;Jean sans Peur;;533;Raoulet d'Anquetonville;Ecuyer d'écurie du duc;Aucune mention particulière;Bruges;Un cheval valant 50 écus;;50 écus;14 December 1407;ADCO, B 1554, f° 106 r°
28;Jean sans Peur;;508;Raoul Le Maire;Conseiller du duc;Auucne mention particulière;Lille;Un cheval fauve à longue queue valant 112 fr. demi;;112 fr. demi monn. royal;19 October 1413;ADCO, B 1576, f° 161 v°
29;Jean sans Peur;;406;Pons de Perellos;Chevalier, conseiller et chambellan du duc;Aucune mention particulière;Aucune mention;Un grand cheval gris à courte queue valant 120 écus;;120 écus;22 May 1408;ADCO, B 1556, f° 80 v°
30;Jean sans Peur;Pierre Mace;2309;Poncelet de Jonchery (?);Clerc du receveur de Troyes;"""Pour aler querir certaines sommes dargent dont mondit seigneur estoit assignez sur les receveurs de Soissons et de Laon, et 1000 écus deues le receveur d'Arras""";Paris;Un cheval morel valant 15 fr. 15 s. t.;;15 fr. 15 s. t. monn. royal;7 November 1410;ADCO, B 1560, f° 126 r°
31;Jean sans Peur;;2335;Pierre de Sorel;Seigneur de Sorel, chevalier et chambellan du duc;Aucune mention particulière;Aucune mention;Un cheval valant 100 écus d'or;;100 écus d'or;27 October 1411;ADCO, B 1570, f° 244 v°
32;Jean sans Peur;;5623;Pierre de Miraumont;Seigneur de Miraumont;Aucune mention particulière;Lille;1 cheval bai à longue queue;;236 l. 10 s. de 30 gros nouvelle monn. de Flandre la livre (les trois chevaux);20 January 1414;ADN, B 1903, f° 144 r°
33;Jean sans Peur;;2272;Pierre de Girlant (?);Ecuyer et panetier du duc;Aucune mention particulière;Paris;1 cheval gris pommelé ;;40 écus;14 December 1405;ADCO, B 1543, f° 119 r°
34;Jean sans Peur;;2272;Pierre de Girlant (?);Ecuyer et panetier du duc;Aucune mention particulière;Paris;1 cheval gris pommelé ;;40 écus;14 December 1405;ADCO, B 1543, f° 119 r°
35;Jean sans Peur;;5599;Pierre de Bardenenche;Ecuyer;Aucune mention particulière;Lille;1 cheval roux à longue queue;;50 écus or monn. royal;31 August 1414;ADN, B 1903, f° 146 v° et 147 r°
36;Jean sans Peur;;128;Philippe Musnier, dit Jossequin;Valet de chambre et garde des joyaux du duc;Aucune mention particulière;Bruges;Un cheval gris brun à longue queue valant 45 fr.;;45 fr. monn. royal;10 August 1408;ADCO, B 1554, f° 110 v°
37;Jean sans Peur;;128;Philippe Musnier, dit Jossequin;Valet de chambre et garde des joyaux du duc;Aucune mention particulière;Paris;Un cheval gris valant 67 fr. demi;;67 fr. demi monn. royal;22 June 1410;ADCO, B 1562, f° 49 v°
38;Jean sans Peur;;128;Philippe Musnier, dit Jossequin;Valet de chambre et garde des joyaux du duc;Aucune mention particulière;Douai;1 cheval brun gris à longue queue ;;60 écus or monn. royal;21 June 1414;ADN, B 1903, f° 146 v°
39;Jean sans Peur;;2263;Philippe d'Orléans;Comte de Vertus et fils de Louis d'Orléans;Aucune mention particulière;Aucune mention;Un cheval roux bai à courte queue ;;;12 September 1412;ADCO, B 1571, f° 152 v° et 153 r°
40;Jean sans Peur;;2263;Philippe d'Orléans;Comte de Vertus et fils de Louis d'Orléans;Aucune mention particulière;;"6 chevaux carapaçonés (""six harnois [...] brides, poitraux et culières à chacun lesdits harnois, deux pendants de trois, l'une blanche, l'autre verde, et l'autre noire. Lesquels sont semés de rabos et de couppeaux de laton doré, à la devise de mondit seigneur""";;;August 1412;DE LABORDE, Les ducs de Bourgogne, étude sur les lettres, les arts et l'industrie pendant le XVe siècle, t. I, 1851, n° 261, p. 92
41;Jean sans Peur;;218;Philippe d'Orges;Ecuyer et échanson du duc;"""En recompensacion dun cheval que nagaire lui estoit mort en son service""";Paris;Un cheval gris pommelé à longue queue valant 36 écus;;36 écus;18 September 1406;ADCO, B 1543, f° 119 r° et 119 v°
42;Jean sans Peur;;5621;Philippe de Vienne;;Aucune mention particulière;Auxerre;1 cheval brun bai à longue queue;;337 fr. 10 s. t. monn. royal (les deux);19 August 1412;ADN, B 1903, f° 142 r°
43;Jean sans Peur;;2346;Philippe de Ternant;Seigneur de Ternant;Aucune mention particulière;Aucune mention;Un cheval roux avec les crains et les jambes noirs (les 12 chevaux valent 2850 écus d'or);;2850 écus d'or (les 12 chevaux);7 September 1412;ADCO, B 1571, f° 151 r° et 152 r°
44;Jean sans Peur;;2318;Philippe de Harcourt;;Aucune mention particulière;Paris;Un cheval bai (les huits chevaux valent 1068 fr. 15 s. t.);;1068 fr. 15 s. t. monn. royal (les 8 chevaux);8 November 1410;ADCO, B 1560, f° 125 r° et 125 v°
45;Jean sans Peur;;2318;Philippe de Harcourt;;Aucune mention particulière;Paris;Un cheval bai (les huits chevaux valent 1068 fr. 15 s. t.);;1068 fr. 15 s. t. monn. royal (les 8 chevaux);8 November 1410;ADCO, B 1560, f° 125 r° et 125 v°
46;Jean sans Peur;;2223;Philippe de Bourgogne;Comte de Nevers, frère du duc;Aucune mention particulière;Paris;1 cheval gris pommelé à courte queue;;;6 January 1406;ADCO, B 1543, f° 116 v°
47;Jean sans Peur;;2223;Philippe de Bourgogne;Comte de Nevers, frère du duc;Aucune mention particulière;Paris;1 cheval gris pommelé à courte queue;;;6 January 1406;ADCO, B 1543, f° 116 v°
48;Jean sans Peur;;2342;Philibert de Naillac;Grand maître de Rhodes;Aucune mention particulière;Aucune mention;Un cheval bai à longue queue valant 150 écus d'or;;150 écus d'or;2 September 1412;ADCO, B 1571, f° 149 r° et 149 v°
49;Jean sans Peur;;753;Philibert de Billy;;"""Pour aler en Lombardie""";Paris;Un coursier noir valant 150 fr.;;150 fr. monn. royal;25 June 1409;ADCO, B 1558, f° 105 v°
50;Jean sans Peur;;311;Petit Guillaume;Potagier du duc;"""Pour soy monter pour ce que le sien avoit este affole"". Le cheval est donné en mars ";Paris;1 cheval bai;;12 écus;26 avril 1406 (quittance);ADCO, B 1543, f° 119 r°
51;Jean sans Peur;;2359;Perrine Larchier;;"""Lequel courcier mondit seigneur donna lors à Perrine Larchier qui lui avoit apporté nouvelles de par les seigneurs, bourgois et habitans de la ville de Rouen que ilz se rendroient aux Angloiz se mondit seigneur ne les secouroit ou faisoit secourir bien brief""";Pontoise;Un coursier brun valant 120 moutons d'or;;120 moutons d'or;1 December 1418;ADCO, B 1598, f° 138 r° et 138 v°
52;Jean sans Peur;;2296;Perrenot Rouhier, dit Courageux;Veneur du duc;Aucune mention particulière;Aucune mention;Un cheval valant 20 écus;;20 écus;1 June 1409;ADCO, B 1558, f° 108 v°
53;Jean sans Peur;;2305;Paulin;Ambassadeur du pape;Lors d'une ambassade dudit Paulin auprès du duc;Paris;Un cheval gris à courte queue valant 67 fr. demi;;67 fr. demi monn. royal;18 April 1410;ADCO, B 1560, f° 123 r°
54;Jean sans Peur;;550;Oudart de L'Espinace;Ecuyer et échanson du duc;Aucune mention particulière;Lille;1 cheval bai à courte queue;;46 l. de 49 gros monn. de Flandre;3 March 1406;ADCO, B 1543, f° 118 v°
55;Jean sans Peur;;338;Olivier de Creully;Ecuyer tranchant du duc;Aucune mention particulière;Paris;Un cheval valant 60 fr.;;60 fr. monn. royal;10 January 1409;ADCO, B 1558, f° 103 v°
56;Jean sans Peur;;2236;Olivier de Châtillon;Comte de Penthièvre;Aucune mention particulière;Aucune mention;Un cheval bai à longue queue valant 135 fr.;;135 fr. monn. royal;2 January 1410;ADCO, B 1558, f° 108 r°
57;Jean sans Peur;;2058;Nicolas Grenon;Maître des enfants de la chapelle du duc;Aucune mention particulière;Gand;1 cheval bai à courte queue;;10 l. de 30 gros nouvelle monn. de Flandre la livre;27 December 1413;ADN, B 1903, f° 143 r°
58;Jean sans Peur;;2238;Morimont de Tourzel;Baron d'Allègre, conseiller et chambellan du duc de Berry;Aucune mention particulière;Aucune mention;Un cheval gris valant 140 fr.;;140 fr. monn. royal;4 April 1408;ADCO, B 1554, f° 108 r°
59;Jean sans Peur;;1234;Moreau Dorie;Ambassadeur du seigneur de Mathelin;Lors d'une ambassade du seigneur de Mathelin auprès du duc;Paris;Un cheval valant 60 fr. d'or;;60 fr. or;2 January 1410;ADCO, B 1560, f° 124 v° et 125 r°
60;Jean sans Peur;;2281;Monin;Chevalier et chambellan du duc de Berry;"""Lequel estoit venu devers mondit seigneur a Gand lui dire et rapporter aucunes choses de par ycellui monseigneur de Berry""";Aucune mention;Un cheval fauve à courte queue valant 50 écus d'or;;50 écus d'or;20 June 1407;ADCO, B 1547, f° 113 v°
61;Jean sans Peur;;2306;Michel des Essarts;Valet de chambre du duc;Aucune mention particulière;Paris;Un cheval (les six chevaux valent 506 fr. 5 s. t.);;506 fr. 5 s. t. monn. royal (les 6 chevaux) ;18 April 1410;ADCO, B 1560, f° 124 r° et 124 v°
62;Jean sans Peur;;2307;Maurice de Ruilly;Valet de chambre du duc;Aucune mention particulière;Paris;Un cheval (les six chevaux valent 506 fr. 5 s. t.);;506 fr. 5 s. t. monn. royal (les 6 chevaux) ;18 April 1410;ADCO, B 1560, f° 124 r° et 124 v°
63;Jean sans Peur;;457;Marie de Bourgogne, de Savoie;Comtesse de Savoie et de Genève, épouse d'Amédée VIII, comte de Savoie;"""Donner a madame la comtesse de Geneve quant elle se parti devers de Gand de la compaignie de madame la duchesse""";Aucune mention;Une haquenée baie valant 80 écus;;80 écus;23 April 1408;ADCO, B 1554, f° 105 v°
64;Jean sans Peur;;2355;Marguerite de Bourgogne, comtesse de Hainaut;Comtesse de Hainaut;Aucune mention particulière;Gand;Un cheval roux valant 160 écus;;160 écus;26 December 1413;ADCO, B 1576, f° 164 r° et 164 v°
65;Jean sans Peur;;1226;Maître Jean;Enfant de la chapelle du duc;Aucune mention particulière;Bruges;1 petit cheval gris à courte queue;;5 l. de 30 gros nouvelle monn. de Flandre la livre;1 March 1415;ADN, B 1903, f° 149 v° et 150 r°
66;Jean sans Peur;;1392;Lusquin du Mares;Queux du comte de Charolais;Aucune mention;Gand;Un cheval ;;;15 June 1407;ADCO, B 1547, f° 114 v°
67;Jean sans Peur;;259;Lourdin de Saligny;Chevalier et chambellan du duc;Aucune mention particulière;Bruges;Un cheval gris pommelé à courte queue valant 70 écus d'or;;70 écus d'or;2 March 1407;ADCO, B 1547, f° 112 v°
68;Jean sans Peur;;2307;Louis de Savoie-Achaïe;Prince de Piémont;Aucune mention particulière;Paris;Un cheval fauve valant 135 fr. d'or;;135 fr. or;30 April 1410;ADCO, B 1560, f° 124 v°
69;Jean sans Peur;;2308;Louis de La Tremoille;Evêque de Tournai et conseiller du duc;"""Pour les bons services quil lui a faiz, et fait chacun jour""";Paris;Un cheval gris à longue queue valant 120 fr. d'or;;120 fr. or;8 July 1410;ADCO, B 1560, f° 120 v° et 121 r°
70;Jean sans Peur;;2220;Louis de France;Duc de Guyenne;Aucune mention particulière;Aucune mention;2 chevaux;;;10 August 1408;ADCO, B 1556, f° 97 r°
71;Jean sans Peur;;2316;Lionnel ou Lionnet d'Asnieres;Ecuyer du comte de La Marche;Aucune mention particulière;Paris;Un cheval morel à courte queue valant 80 écus d'or;;80 écus d'or;8 November 1410;ADCO, B 1560, f° 122 r°
72;Jean sans Peur;Girard de Bourbon;2316;Lionnel ou Lionnet d'Asnieres;Ecuyer du comte de La Marche;Aucune mention particulière;Aucune mention;Un cheval gris pommelé à courte queue (les trois chevaux valent 168 fr. 15 s. t.);;168 fr. 15 s. t. monn. royal (les 3 chevaux);6 January 1412;ADCO, B 1570, f° 237 v°
73;Jean sans Peur;;2350;Les serviteurs et officiers du roi de Bohême;Un chevalier du roi de Bohême;"""Qui estoit en la compaignie de Enguerran de Bournonville""";Aucune mention;Un cheval roux gris à longue queue avec une tâche noire sur le dos;;;12 September 1412;ADCO, B 1571, f° 152 v° et 153 r°
74;Jean sans Peur;;1507;Les serviteurs et officiers du duc de Guyenne;;Aucune mention particulière;Paris;Un cheval bai à longue queue valant 90 écus;;90 écus;12 May 1408;ADCO, B 1554, f° 109 r°
75;Jean sans Peur;;1507;Les serviteurs et officiers du duc de Guyenne;Un valet de forge du duc;Aucune mention particulière;Aucune mention;Un cheval brun bai valant 5 écus 6 s. p.;;5 écus 6 s. p. ;1 June 1409;ADCO, B 1558, f° 108 v°
76;Jean sans Peur;;2325;Les serviteurs et officiers de la reine d'Aragon;Un écuyer, ambassadeur de la reine d'Aragon;Aucune mention particulière;Arras;Un cheval gris à longue queue valant 45 fr. monn. royal;;45 fr. monn. royal;26 April 1411;ADCO, B 1570, f° 240 r° et 240 v°
77;Jean sans Peur;;2248;Les serviteurs du roi de Navarre;Un maréchal du roi de Navarre;Aucune mention particulière;Aucune mention;Un cheval fauve à longue queue valant 110 écus;;110 écus;9 December 1409;ADCO, B 1558, f° 107 v°
78;Jean sans Peur;;2334;Les serviteurs du prince de Galles;Un archer du prince de Galles;Aucune mention particulière;Arras;Une mule et un cheval bai, l'ensemble valant 60 écus de 30 gros nouvelle monn. de Flandres;;60 écus de 30 gros nouvelle monn. de Flandre;8 October 1411;ADCO, B 1570, f° 241 r° et 241 v°
79;Jean sans Peur;;2294;Les serviteurs du comte de Charolais;;Aucune mention particulière;Aucune mention;Deux chevaux, l'un fauve et l'autre morel, valant 26 écus;;26 écus ;1 June 1409;ADCO, B 1558, f° 108 r°
80;Jean sans Peur;;2294;Les serviteurs du comte de Charolais;Deux officiers du comte de Charolais;Aucune mention particulière;Aucune mention;Deux chevaux valant 21 écus;;21 écus;1 June 1409;ADCO, B 1558, f° 108 v°
81;Jean sans Peur;;2354;Les membres de la chapelle du duc;Un enfant de la chapelle du duc;Aucune mention particulière;Gand;Un cheval fauvel à courte queue valant 8 écus ;;8 écus;16 December 1413;ADCO, B 1576, f° 164 r°
82;Jean sans Peur;;2300;Les enfants de la chapelle du duc;Quatre enfants de la chapelle du duc;"""Lesquelz il fist venir avec lui a Bruxelles aux nopces de monseigneur de Brabant""";Malines;4 petits chevaux valant 25 fr. 13 s. 6 d. t.;;25 fr. 13 s. 6 d. t. monn. royal;23 July 1409;ADCO, B 1558, f° 106 r°
83;Jean sans Peur;;5627;Le seigneur de Sieses (?);Seigneur de Sieses ;Aucune mention particulière;Bruges;1 cheval bai;;30 l. 2 s. de 30 gros nouvelle monn. de Flandre la livre;1 March 1415;ADN, B 1903, f° 149 r° et 149 v°
84;Jean sans Peur;;2349;Le seigneur de Pheluis;Chevalier de Rhodes, serviteur du comte de Savoie;Aucune mention particulière;Aucune mention;Un cheval gris pommelé;;;7 September 1412;ADCO, B 1571, f° 151 r° et 152 r°
85;Jean sans Peur;;2304;Le neveu du commandant du Naples;;Aucune mention particulière;Paris;Un cheval gris à longue queue valant 1235 fr. d'or;;1235 fr. or;10 April 1410;ADCO, B 1560, f° 123 r°
86;Jean sans Peur;;2343;Le neveu d'Arnaud de Corbie;Chancelier de France;Aucune mention particulière;Aucune mention;Un cheval brun bai à longue queue (les 12 chevaux valent 2850 écus d'or);;2850 écus d'or (les 12 chevaux);7 September 1412;ADCO, B 1571, f° 151 r° et 152 r°
87;Jean sans Peur;;2353;Le maréchal de Calais;;Aucune mention particulière;Saint-Omer;Un cheval bai à longue queue valant 93 écus 6 s. 8 d. de 30 gros nouvelle monn. de Flandres;;93 écus 6 s. 8 d. de 30 gros nouvelle monn. de Flandre;9 October 1413;ADCO, B 1576, f° 163 r° et 163 v°
88;Jean sans Peur;;232;Le Dauphin de Seris;Echanson du duc;Aucune mention particulière;Bruges;Un cheval valant 66 écus;;66 écus;14 April 1407;ADCO, B 1554, f° 109 v°
89;Jean sans Peur;;232;Le Dauphin de Seris;;Pour sa monture en son service;Lille;Un cheval noir à courte queue;;;9 March 1411;ADCO, B 1562, f° 47 r°
90;Jean sans Peur;;232;Le Dauphin de Seris;;Aucune mention particulière;Douai;1 cheval gris blanc à longue queue;;60 écus or monn. royal;21 June 1414;ADN, B 1903, f° 146 v°
91;Jean sans Peur;;2284;Le comte de Sainnes (?);;Aucune mention particulière;Aucune mention;Un cheval fauve à courte queue valant 80 écus;;80 écus;22 October 1407;ADCO, B 1554, f° 106 r°
92;Jean sans Peur;;2330;Le bâtard de Quincey;;Aucune mention particulière;Aucune mention;Un cheval bai à longue queue valant 28 écus;;28 écus;20 August 1411;ADCO, B 1570, f° 237 r°
93;Jean sans Peur;;2345;La Rocque;Ecuyer d'écurie du roi;Aucune mention particulière;Aucune mention;Un cheval gris à courte queue (les 12 chevaux valent 2850 écus d'or);;2850 écus d'or (les 12 chevaux);7 September 1412;ADCO, B 1571, f° 151 r° et 152 r°
94;Jean sans Peur;Jean Mont;1236;Josip;Ambassadeur de Turquie;Après une ambassade auprès du duc au mois de décembre 1410;Lille;Deux chevaux, l'un gris brun à longue queue et l'autre à courte queue + deux selles garnies de harnois de drap vert et autres nécessités, l'ensemble valant 91 fr. 2 s. 6 d. t.;;91 fr. 2 s. 6 d. t. monn. royal;7 March 1411;ADCO, B 1562, f° 48 v° et 49 r°
95;Jean sans Peur;;2313;Jeannot;Ecuyer du roi de Navarre;Aucune mention particulière;Paris;Un cheval gris à courte queue valant 80 écus;;80 écus;8 November 1410;ADCO, B 1560, f° 122 r°
96;Jean sans Peur;;2352;Jeanne II d'Auvergne;Duchesse de Berry;Aucune mention particulière;Paris;4 haquenées valant 500 écus;;500 écus;22 February 1413;ADCO, B 1572, f° 35 v°
97;Jean sans Peur;;192;Jean, dit Le bâtard du Bochet;;"""Pour aller en laide de monseigneur le duc de Brebant en larmee quil fist oudit mois de septembre 1407 a lencontre dudit Rouge""";Aucune mention;Un cheval bai valant 50 écus;;50 écus;2 March 1408;ADCO, B 1554, f° 106 v°
98;Jean sans Peur;;2165;Jean Wanezie;Ménestrel du duc;Aucune mention particulière;Saint-Omer;Un cheval bai à courte queue valant 16 écus de 40 gros vieille monn. de Flandres;;16 écus de 40 gros vieille monn. de Flandre;4 October 1413;ADCO, B 1576, f° 162 r°
99;Jean sans Peur;;575;Jean Thomas;Chevaucheur du duc faisant la dépense de l'écurie du duc;Aucune mention particulière;Lille;1 cheval bai à courte queue;;50 écus d'or (les deux chevaux);22 January 1414;ADN, B 1903, f° 144 v°
100;Jean sans Peur;;15;Jean Pioche;;"""Pour aller en laide de monseigneur le duc de Brebant en larmee quil fist oudit mois de septembre 1407 a lencontre dudit Rouge""";Aucune mention;Un chval bai valant 100 écus;;100 écus;2 March 1408;ADCO, B 1554, f° 106 v°
101;Jean sans Peur;;5622;Jean Petit;Enfant de la chapelle du duc;Aucune mention particulière;Gand;1 cheval bai à courte queue;;6 l. de 30 gros nouvelle monn. de Flandre la livre;27 December 1413;ADN, B 1903, f° 143 r°
102;Jean sans Peur;;484;Jean Oudart;Chevalier et chambellan du duc;Aucune mention particulière;Douai;Un cheval gris à longue queue valant 100 fr.;;100 fr. monn. royal;8 January 1412;ADCO, B 1570, f° 241 v°
103;Jean sans Peur;;373;Jean Moreau;Clerc des offices de l'hôtel du duc;Aucune mention particulière;Paris;Un cheval bai à longue queue valant 13 fr. demi;;13 fr. demi monn. royal;19 March 1409;ADCO, B 1558, f° 104 v°
104;Jean sans Peur;;69;Jean Marchant;Compagnon du confesseur du duc;Aucune mention particulière;Arras;Un cheval fauve valant 28 écus;;28 écus;15 February 1408;ADCO, B 1554, f° 105 v°
105;Jean sans Peur;;69;Jean Marchant;Confesseur du duc;Aucune mention particulière;Gand;Un cheval bai à longue queue valant 66 fr.;;66 fr. monn. royal;31 July 1409;ADCO, B 1558, f° 106 v°
106;Jean sans Peur;;69;Jean Marchant;Confesseur du duc;Aucune mention particulière;Lille;Un mulet valant 50 écus d'or;;50 écus d'or;24 November 1410;ADCO, B 1560, f° 121 v°
107;Jean sans Peur;;243;Jean Manus;Canonnier du duc;Aucune mention particulière;Paris;Un cheval gris (les huits chevaux valent 1068 fr. 15 s. t.);;1068 fr. 15 s. t. monn. royal (les 8 chevaux);8 November 1410;ADCO, B 1560, f° 125 r° et 125 v°
108;Jean sans Peur;;2297;Jean Lescot;Archer du duc;Aucune mention particulière;Paris;Un cheval fauve à courte queue valant 15 fr. 15 s. t.;;15 fr. 15 s. t. monn. royal;15 June 1409;ADCO, B 1558, f° 105 r°
109;Jean sans Peur;;2297;Jean Lescot;Ecuyer d'écurie du duc;Pour avoir une monture et être au service du duc;Aucune mention;Un cheval fauve à courte queue valant 60 écus d'or monn. royal;;60 écus d'or monn. royal;8 November 1411;ADCO, B 1570, f° 238 v° et 239 r°
110;Jean sans Peur;;2297;Jean Lescot;Ecuyer d'écurie du duc;En récompense d'un cheval qu'il a perdu au service du duc;Aucune mention;Un coursier brun bai valant 60 écus d'or;;60 écus d'or;8 November 1411;ADCO, B 1570, f° 240 v° et 241 r°
111;Jean sans Peur;;229;Jean Le Pourcelot de Besancon;;Aucune mention particulière;Bruges;Un cheval valant 95 écus;;95 écus;4 August 1408;ADCO, B 1554, f° 111 r°
112;Jean sans Peur;;630;Jean Le Clerc;Conseiller du duc;Aucune mention particulière;;Un cheval bai à longue queue valant 80 l. t.;;80 l. t. monn. royal;18 May 1419;ADCO, B 1601, f° 76 v°
113;Jean sans Peur;;391;Jean Le Boulangier, dit Pagot;Ménestrel du duc;Aucune mention particulière;Paris;Un cheval (les six chevaux valent 506 fr. 5 s. t.);;506 fr. 5 s. t. monn. royal (les 6 chevaux) ;18 April 1410;ADCO, B 1560, f° 124 r° et 124 v°
114;Jean sans Peur;;2348;Jean Lansart;;Aucune mention particulière;Aucune mention;Un cheval brun gris;;;7 September 1412;ADCO, B 1571, f° 151 r° et 152 r°
115;Jean sans Peur;;185;Jean III de Bavière;Evêque de Liège;Aucune mention particulière;Paris;1 coursier bai à longue queue;;60 écus;22 November 1405;ADCO, B 1543, f° 118 v°
116;Jean sans Peur;;489;Jean II de La Haye, dit Picquet;Conseiller du duc;Aucune mention particulière;Paris;Un cheval bai valant 180 fr.;;180 fr. monn. royal;17 December 1412;ADCO, B 1572, f° 35 r°
117;Jean sans Peur;;114;Jean Ier de Neufchatel;Cousin du duc;Aucune mention particulière;Paris;1 cheval gris pommelé à longue queue et deux pieds blancs;;;6 January 1406;ADCO, B 1543, f° 116 v°
118;Jean sans Peur;;114;Jean Ier de Neufchatel;Cousin du duc;Aucune mention particulière;Paris;1 cheval gris pommelé à longue queue et deux pieds blancs;;;6 January 1406;ADCO, B 1543, f° 116 v°
119;Jean sans Peur;;2341;Jean Hausseur;Chapelain du duc;Aucune mention particulière;Aucune mention;Un cheval noir valant 30 fr.;;30 fr. monn. royal;8 May 1412;ADCO, B 1571, f° 149 r°
120;Jean sans Peur;;2362;Jean Frestre;Ambassadeur du duc de Bretagne;Aucune mention particulière;Aucune mention;Un cheval noir à longue queue;;;19 August 1419;ADCO, B 1598, f° 343 r°
121;Jean sans Peur;;1887;Jean Dupuis;Archer du duc;Aucune mention particulière;Lille;1 cheval bai;;13 l. 19 s. 6 d. de 30 gros nouvelle monn. de Flandre la livre;13 January 1414;ADN, B 1903, f° 143 r° et 143 v°
122;Jean sans Peur;;59;Jean du Molin, dit Brocart;Huissier d'armes du duc;Aucune mention particulière;Aucune mention;Un cheval valant 50 fr.;;50 fr. monn. royal;19 November 1408;ADCO, B 1554, f° 111 v°
123;Jean sans Peur;;199;Jean du Bois;Seigneur du Bois, chevalier et chambellan du duc;Aucune mention particulière;Aucune mention;Un cheval bai valant 50 écus;;50 écus;4 October 1408;ADCO, B 1556, f° 79 v°
124;Jean sans Peur;;189;Jean d'Ormoy;Echanson du duc;Aucune mention particulière;Douai;1 cheval brun gris à longue queue;;40 écus or monn. royal;21 June 1414;ADN, B 1903, f° 146 v°
125;Jean sans Peur;;2299;Jean d'Escaubecque, dit Tournemine;;"""Pour mieulx estre monte en la compaignie dudit seigneur""";Paris;Un cheval valant 10 écus;;10 écus;4 July 1409;ADCO, B 1558, f° 105 v°
126;Jean sans Peur;;711;Jean des Forges;Chapelain;Aucune mention;Gand;Un cheval ;;;15 June 1407;ADCO, B 1547, f° 114 v°
127;Jean sans Peur;;1431;Jean des Champs;Ecuyer d'écurie de Catherine de Bourgogne, fille du duc;Aucune mention particulière;Paris;Un cheval blanc à courte queue valant 70 fr. ;;70 fr. monn. royal;6 June 1410;ADCO, B 1560, f° 121 r° et 121 v°
128;Jean sans Peur;;2279;Jean de Werchin;Sénéchal de Hainaut;Aucune mention particulière;Gand;Un cheval roux à courte queue valant 100 écus d'or;;100 écus d'or;9 April 1407;ADCO, B 1547, f° 111 v° et 112 r°
129;Jean sans Peur;;2279;Jean de Werchin;Sénéchal de Hainaut;Aucune mention particulière;Paris;Un cheval fauve à courte queue valant 150 écus;;150 écus;9 September 1409;ADCO, B 1558, f° 107 r°
130;Jean sans Peur;;2279;Jean de Werchin;Sénéchal de Hainaut, chambellan du duc;Aucune mention particulière;Paris;Un cheval roux ou bai à longue queue valant 120 écus;;120 écus;8 November 1410;ADCO, B 1560, f° 121 v°
131;Jean sans Peur;;92;Jean de Vergy;Seigneur de Fouvans, chevalier;Aucune mention particulière;Aucune mention;Un cheval valant 23 écus;;23 écus;20 August 1411;ADCO, B 1570, f° 237 r°
132;Jean sans Peur;;301;Jean de Saulx;Seigneur de Courtivron, chancelier du duc;Aucune mention particulière;Paris;1 cheval à longue queue;;;6 January 1406;ADCO, B 1543, f° 116 v°
133;Jean sans Peur;;301;Jean de Saulx;Seigneur de Courtivron, chancelier du duc;Aucune mention particulière;Paris;1 cheval à longue queue;;;6 January 1406;ADCO, B 1543, f° 116 v°
134;Jean sans Peur;;1812;Jean de Salins;Echanson du duc;Aucune mention particulière;Douai;1 cheval blanc gris à longue queue;;50 écus or monn. royal;21 June 1414;ADN, B 1903, f° 146 v°
135;Jean sans Peur;;627;Jean de Saint-Yon;Ecuyer;Aucune mention particulière;Paris;Un cheval gris à longue queue valant 120 écus;;120 écus ;28 December 1412;ADCO, B 1572, f° 35 v°
136;Jean sans Peur;;1128;Jean de Saint-Aubin;Ecuyer d'écurie du duc;Aucune mention particulière;Aucune mention;Un cheval roux gris à longue queue;;;12 September 1412;ADCO, B 1571, f° 152 v° et 153 r°
137;Jean sans Peur;;918;Jean de Rude;;"""Donne pour consideracion des bons et agreables services""";Aucune mention;Un cheval moreau valant 30 fr.;;30 fr. monn. royal;6 October 1407;ADCO, B 1556, f° 79 v°
138;Jean sans Peur;;285;Jean de Rasinghem;Conseiller du duc;Aucune mention particulière;Aucune mention;Un cheval brun bai à courte queue valant 40 écus d'or;;40 écus d'or;15 June 1411;ADCO, B 1570, f° 236 r°
139;Jean sans Peur;;1527;Jean de Quielenc;Echanson du duc;Aucune mention particulière;Aucune mention;Un cheval roux à courte queue;;;12 September 1412;ADCO, B 1571, f° 152 v° et 153 r°
140;Jean sans Peur;;1232;Jean de Poligny, dit Chapelain;Serviteur du roi;Aucune mention particulière;Aucune mention;Un cheval gris à longue queue valant 31 écus;;31 écus;20 August 1411;ADCO, B 1570, f° 237 r°
141;Jean sans Peur;;2340;Jean de Norrent;Seigneur de Roncq;Aucune mention particulière;Aucune mention;Une haquenée noire valant 16 fr.;;16 fr. monn. royal;18 January 1412;ADCO, B 1570, f° 245 r°
142;Jean sans Peur;;2277;Jean de Neuvy;Ecuyer du maréchal Boucicaut;"""Pour soy monter""";Bruges;Un cheval valant 50 écus d'or;;50 écus d'or;22 February 1407;ADCO, B 1547, f° 111 r°
143;Jean sans Peur;Pierre de la Vacquerie;2277;Jean de Neuvy;Ecuyer du maréchal Boucicaut;Lors d'une ambassade auprès du duc à Lille;Lille;Un cheval gris à courte queue valant 61 fr. 17 s. 6 d. t.;;61 fr. 17 s. 6 d. t. monn. royal;8 March 1411;ADCO, B 1562, f° 48 v°
144;Jean sans Peur;;2322;Jean de Malestroit;Chancelier du duc de Bretagne;Lors d'une ambasade du duc de Bretagne auprès du duc;Lille;Un cheval bai à courte queue;;;31 January 1411;ADCO, B 1562, f° 47 r°
145;Jean sans Peur;;2322;Jean de Malestroit;Evêque de Saint-Brieuc et chancelier du duc de Bretagne;Aucune mention particulière;Paris;Un cheval fauve valant 180 fr.;;180 fr. monn. royal;17 December 1412;ADCO, B 1572, f° 36 r°
146;Jean sans Peur;;2310;Jean de Lalaing;Seigneur de Lalaing, chambellan du duc;Aucune mention particulière;Paris;Un coursier bai valant 120 écus;;120 écus;8 November 1410;ADCO, B 1560, f° 121 r°
147;Jean sans Peur;;54;Jean de Lachenel, dit Boulogne;Valet de chambre du duc;Aucune mention particulière;Paris;Un cheval (les six chevaux valent 506 fr. 5 s. t.);;506 fr. 5 s. t. monn. royal (les 6 chevaux) ;18 April 1410;ADCO, B 1560, f° 124 r° et 124 v°
148;Jean sans Peur;;54;Jean de Lachenel, dit Boulogne;Premier sommelier du corps du duc;Aucune mention particulière;Arras;Un cheval bai à courte queue valant 70 écus;;70 écus;1 May 1411;ADCO, B 1562, f° 49 r°
149;Jean sans Peur;;54;Jean de Lachenel, dit Boulogne;Sommelier de corps du duc;Aucune mention particulière;Gand;Un cheval gris à longue queue valant 50 écus;;50 écus;23 December 1413;ADCO, B 1576, f° 164 v° et 165 r°
150;Jean sans Peur;;286;Jean de La Tremoille;Chevalier et chambellan du duc;Aucune mention particulière;Aucune mention;Un cheval moreau à longue queue valant 90 écus;;90 écus ;7 September 1412;ADCO, B 1571, f° 150 v° et 151 r°
151;Jean sans Peur;;286;Jean de La Tremoille;Chevalier et chambellan du duc;Aucune mention particulière;Aucune mention;Un cheval gris pommelé à longue queue;;;7 September 1412;ADCO, B 1571, f° 151 r° et 152 r°
152;Jean sans Peur;;73;Jean de La Hamaide;Seigneur de La Hamaide, chevalier et conseiller du duc;"""Pour les bons et agreables services quil lui a faiz""";Paris;Un cheval bai à courte queue valant 120 écus d'or;;120 écus d'or;8 May 1410;ADCO, B 1560, f° 124 v°
153;Jean sans Peur;;738;Jean de La Baume;;Aucune mention particulière;Paris;Un cheval bai (les huits chevaux valent 1068 fr. 15 s. t.);;1068 fr. 15 s. t. monn. royal (les 8 chevaux);8 November 1410;ADCO, B 1560, f° 125 r° et 125 v°
154;Jean sans Peur;;127;Jean de Kernezem;Ecuyer d'écurie du duc;Aucune mention particulière;Paris;Un cheval noir à courte queue valant 32 écus;;32 écus;22 July 1406;ADCO, B 1543, f° 117 v° et 118 r°
155;Jean sans Peur;;592;Jean de Fosseux;;Aucune mention particulière;Aucune mention;Un coursier gris pommelé valant 100 écus;;100 écus;2 September 1406;ADCO, B 1554, f° 110 r°
156;Jean sans Peur;;971;Jean de Foissy;Maître veneur du duc;Aucune mention particulière;Aucune mention;Un cheval bai à courte queue valant 60 écus;;60 écus;7 February 1408;ADCO, B 1556, f° 79 v°
157;Jean sans Peur;;971;Jean de Foissy;Maître veneur du duc;Aucune mention particulière;Aucune mention;Un cheval noir à longue queue valant 60 fr.;;60 fr. monn. royal;22 January 1409;ADCO, B 1558, f° 108 r°
158;Jean sans Peur;;971;Jean de Foissy;Maître veneur du duc;"""Pour lui monter pour les bons et agreables services quil a faiz audit seigneur, fait chacun jour""";Paris;Un cheval gris à courte queue valant 70 écus d'or;;70 écus d'or;15 September 1409;ADCO, B 1560, f° 122 r° et 122 v°
159;Jean sans Peur;;1558;Jean de Dinteville-Jaucourt;;Aucune mention particulière;Aucune mention;Un cheval bai à longue queue valant 60 écus;;60 écus;7 September 1412;ADCO, B 1571, f° 151 r° et 152 r°
160;Jean sans Peur;;766;Jean de Digoine;Ecuyer et échanson du duc;"""En recompensacion dun cheval gris que le dit seigneur avoit nagaires fait prendre dudit Digonne de semblable pris et ycellui donne semblablement mon dit seigneur a Pierre de la Souche son escuier tranchant""";Paris;1 cheval noir à longue queue;;50 écus;4 April 1406;ADCO, B 1543, f° 118 r°
161;Jean sans Peur;;766;Jean de Digoine;Chevalier et chambellan du duc;Aucune mention particulière;Paris;Un cheval brun bai à longue queue valant 70 fr.;;70 fr. monn. royal;15 June 1409;ADCO, B 1558, f° 105 r°
162;Jean sans Peur;;766;Jean de Digoine;Chevalier et chambellan du duc;Aucune mention particulière;Aucune mention;Un cheval gris à courte queue valant 60 fr. d'or;;60 fr. d'or;24 April 1412;ADCO, B 1570, f° 243 v°
163;Jean sans Peur;;766;Jean de Digoine;Chevalier et chambellan du duc;Aucune mention particulière;Lille;Un cheval bai à longue queue valant 50 écus;;50 écus;19 October 1413;ADCO, B 1576, f° 165 r° et 165 v°
164;Jean sans Peur;;2167;Jean de Curiet;;Aucune mention particulière;Bruges;1 cheval bai à longue queue;;36 l. de 30 gros nouvelle monn. de Flandre la livre;1 March 1415;ADN, B 1903, f° 149 v°
165;Jean sans Peur;;2317;Jean de Corbie;Conseiller et maître des requêtes du roi;Aucune mention particulière;Paris;Un cheval brun bai valant 60 écus 18 s. p.;;60 écus 18 s. p. ;8 November 1410;ADCO, B 1560, f° 122 v°
166;Jean sans Peur;;293;Jean de Chevenon;Conseiller et chambellan du duc;Aucune mention particulière;Aucune mention;Un cheval gris pommelé à longue queue;;;7 September 1412;ADCO, B 1571, f° 151 r° et 152 r°
167;Jean sans Peur;;260;Jean de Chateaumorant ou Chateaumorand;Seigneur de Chateaumorant ou Chateaumorand;Aucune mention particulière;Melun;1 cheval fauve à courte queue;;337 fr. 10 s. t. monn. royal (les quatre);30 August 1412;ADN, B 1903, f° 142 r° et 142 v°
168;Jean sans Peur;;2314;Jean de Caumaisnil;Ecuyer d'écurie du duc de Brabant;Aucune mention particulière;Paris;Un cheval bai à courte queue valant 80 écus;;80 écus;8 November 1410;ADCO, B 1560, f° 122 r°
169;Jean sans Peur;;1687;Jean de Calleville;Conseiller du duc;Aucune mention particulière;Aucune mention;Un coursier bai valant 120 écus;;120 écus;14 November 1406;ADCO, B 1554, f° 109 v°
170;Jean sans Peur;;165;Jean de Busseil ou Busseul;Panetier du duc;Aucune mention particulière;Douai;1 cheval bai à longue queue;;40 écus or monn. royal;21 June 1414;ADN, B 1903, f° 146 v°
171;Jean sans Peur;;2261;Jean de Bourbon;Comte de Clermont, cousin du duc;Aucune mention particulière;Paris;1 cheval bai à courte queue;;;6 January 1406;ADCO, B 1543, f° 116 v°
172;Jean sans Peur;;2261;Jean de Bourbon;Comte de Clermont, cousin du duc;Aucune mention particulière;Paris;1 cheval bai à courte queue ;;;6 January 1406;ADCO, B 1543, f° 116 v°
173;Jean sans Peur;;2261;Jean de Bourbon;Duc de Bourbon;Aucune mention particulière;Aucune mention;Un cheval roux bai à courte queue ;;;12 September 1412;ADCO, B 1571, f° 152 v° et 153 r°
174;Jean sans Peur;;2261;Jean de Bourbon;;Aucune mention particulière;Lille;1 cheval gris à longue queue;;90 fr. or monn. royal;3 November 1413;ADN, B 1903, f° 142 v°
175;Jean sans Peur;;2280;Jean de Bonnebaut;Chevalier et chambellan du duc;Aucune mention particulière;Bruges;Un cheval bay à courte queue valant 60 écus d'or;;60 écus d'or;20 June 1407;ADCO, B 1547, f° 111 r°
176;Jean sans Peur;;57;Jean de Blammont;Chevalier et chambellan du duc;Aucune mention particulière;Paris;1 cheval bai;;70 écus;6 January 1406;ADCO, B 1543, f° 117 r°
177;Jean sans Peur;;57;Jean de Blammont;Chevalier et chambellan du duc;Aucune mention particulière;Paris;1 cheval bai;;70 écus;6 January 1406;ADCO, B 1543, f° 117 r°
178;Jean sans Peur;;357;Jean de Blaisy;Ecuyer et échanson du duc;Aucune mention particulière;Paris;Un cheval bai valant 114 fr. demi;;114 fr. demi monn. royal;3 February 1413;ADCO, B 1572, f° 35 r°
179;Jean sans Peur;;513;Jean de Berry;Duc de Berry;Pour ses étrennes et en remerciement des étrennes du duc de Berry;Gand;Une belle chambre de tapisserie garnie et étoffée valant 1200 l. t.;;1200 l. t. monn. royal;17 February 1407;ADCO, B 1547, f° 123 r°
180;Jean sans Peur;Jean d'Ormoy;1440;Jean de Belleforiere;Ecuyer;Aucune mention particulière;Aucune mention;Un cheval gris pommelé à courte queue valant 26 écus de 30 gros nouvelle monn. de Flandres;;26 écus de 30 gros nouvelle monn. de Flandre;28 August 1411;ADCO, B 1570, f° 239 v°
181;Jean sans Peur;;5626;Jean d'Autrey;Ecuyer;Aucune mention particulière;Bruges;1 cheval bai à longue queue;;69 l. 12 s. de 30 gros nouvelle monn. de Flandre la livre (les deux chevaux);1 March 1415;ADN, B 1903, f° 149 r°
182;Jean sans Peur;;88;Jean d'Aunay, dit Le Gallois d'Aunay;Maître d'hôtel du duc;"""Pour et en recompensacion de 2 chevaulx que naguere ont este mors audit maistre dostel ou voiage que ledit seigneur fist ou pais de Liege""";Gand;Un cheval bai à longue queue valant 80 fr.;;80 fr. monn. royal;31 July 1409;ADCO, B 1558, f° 106 r°
183;Jean sans Peur;Girard de Bourbon;2338;Jean d'Ailly;Sénéchal du Ponthieu;Aucune mention particulière;Aucune mention;Un cheval brun bai à longue queue (les trois chevaux valent 168 fr. 15 s. t.);;168 fr. 15 s. t. monn. royal (les 3 chevaux);6 January 1412;ADCO, B 1570, f° 237 v°
184;Jean sans Peur;;2287;Jean Clerbaut;Ecuyer tranchant du duc;Aucune mention particulière;Aucune mention;Un cheval brun bai à courte queue valant 50 fr.;;50 fr. monn. royal;2 August 1408;ADCO, B 1556, f° 79 r° et 79 v°
185;Jean sans Peur;;9;Jean Calonne;Ecuyer d'écurie du duc;Aucune mention particulière;Douai;Un cheval brun bai valant 56 fr. 5 s. t.;;56 fr. 5 s. t. monn. royal;27 January 1407;ADCO, B 1554, f° 105 v°
186;Jean sans Peur;;362;Jean Caen, dit Camus;Archer du duc;Aucune mention particulière;Gand;Un cheval brun bai à courte queue valant 17 fr.;;17 fr. monn. royal;9 August 1407;ADCO, B 1554, f° 106 r°
187;Jean sans Peur;;970;Jean Briet;Premier panetier de la duchesse de Guyenne;"""Pour consideracion des bons services quilz ont fait à madicte dame""";Paris;Un cheval blanc valant 40 écus;;40 écus;26 May 1406;ADCO, B 1554, f° 108 r°
188;Jean sans Peur;;970;Jean Briet;Echanson du duc;Aucune mention particulière;Arras;1 cheval bai à longue queue ;;26 écus or monn. royal;21 May 1414;ADN, B 1903, f° 145 v° et 146 r°
189;Jean sans Peur;;256;Jean Breteau;Page du duc;Aucune mention particulière;Arras;Un cheval valant 14 écus;;14 écus;13 February 1408;ADCO, B 1554, f° 106 v°
190;Jean sans Peur;;256;Jean Breteau;Valet servant du duc;Aucune mention particulière;Aucune mention;Un cheval brun bai valant 12 écus;;12 écus;1 June 1409;ADCO, B 1558, f° 108 v°
191;Jean sans Peur;;1651;Jean Bateteau;Ecuyer et panetier du duc;"""Pour consideracion des bons services quil lui avoit fais et fait journelment comme pour ce que par cas de neschies un de ses chevaulx avoit este noye en Sayne devant le Louvre""";Paris;Un cheval roux à courte queue valant 50 écus;;50 écus;14 August 1406;ADCO, B 1543, f° 117 v°
192;Jean sans Peur;;2293;Jean Anceau, dit La Caille;Veneur du duc;Aucune mention particulière;Aucune mention;Un cheval valant 29 écus;;29 écus;1 June 1409;ADCO, B 1558, f° 108 r°
193;Jean sans Peur;;5628;Jacquet d'Utrecht;Brodeur du duc;Aucune mention particulière;Lille;1 cheval noir;;15 écus de 30 gros nouvelle monn. de Flandre la livre;13 March 1417;ADN, B 1903, f° 152 r° et 152 v°
194;Jean sans Peur;;422;Jacques III de Heilly;;"""Pour aller en laide de monseigneur le duc de Brebant en larmee quil fist oudit mois de septembre 1407 a lencontre dudit Rouge""";Aucune mention;Un cheval bai valant 150 écus;;150 écus;2 March 1408;ADCO, B 1554, f° 106 v°
195;Jean sans Peur;Augustin de Pon;422;Jacques III de Heilly;Seigneur de Heilly, chevalier, conseiller et chambellan du duc;Aucune mention particulière;Aucune mention;Un cheval brun bai à courte queue valant 120 écus;;120 écus;25 October 1408;ADCO, B 1556, f° 80 r°
196;Jean sans Peur;;422;Jacques III de Heilly;Seigneur de Heilly, chevalier, conseiller et chambellan du duc;Aucune mention particulière;Paris;Un coursier noir à longue queue valant 135 fr. d'or;;135 fr. or;14 April 1410;ADCO, B 1560, f° 123 v°
197;Jean sans Peur;;422;Jacques III de Heilly;Seigneur de Heilly, chevalier, conseiller et chambellan du duc;"""Pour les bons et agreables services quil lui a faiz, et pour soy monter en son service""";Paris;Un cheval rouge bai à longue queue valant 100 fr. d'or;;100 fr. or;8 July 1410;ADCO, B 1560, f° 125 r°
198;Jean sans Peur;Jean d'Ormoy;2251;Jacques II de Bourbon;;"""Pour aler en certain voiage a lencontre des ennemis du Roy et de mon dit seigneur""";Aucune mention;Un coursier noir pommelé à longue queue valant 110 écus monn. royal;;110 écus monn. royal;19 November 1411;ADCO, B 1570, f° 244 v°
199;Jean sans Peur;;276;Jacques de Montberon;Seigneur de Montberon;Aucune mention particulière;Paris;Un cheval bai à courte queue valant 60 écus;;60 écus;10 August 1406;ADCO, B 1543, f° 119 r°
200;Jean sans Peur;;2323;Jacques de Mailly;Chevalier et chambellan du comte de La Marche;Aucune mention particulière;Lille;Un cheval à longue queue valant 92 fr. 6 s. t.;;92 fr. 6 s. t. monn. royal;31 January 1411;ADCO, B 1562, f° 47 r°
201;Jean sans Peur;;56;Jacques de Lor;Seigneur de Lor;Aucune mention particulière;Lille;Un cheval gris à longue queue;;;19 October 1413;ADCO, B 1576, f° 161 v° et 162 r°
202;Jean sans Peur;;444;Jacques de Longroy;Seigneur de Longroy, chevalier et chambellan;Aucune mention particulière;Aucune mention;Un cheval brun bai valant 70 écus;;70 écus;11 May 1408;ADCO, B 1554, f° 109 v°
203;Jean sans Peur;;444;Jacques de Longroy;Chambellan du duc;Aucune mention particulière;Paris;Un cheval morel à longue queue valant 67 fr. demi;;67 fr. demi monn. royal;25 January 1410;ADCO, B 1560, f° 124 r°
204;Jean sans Peur;;1352;Jacques de La Viefville, dit Coppin de La Viefville;Ecuyer tranchant du duc;Aucune mention particulière;Paris;Un cheval roux à courte queue valant 100 fr.;;100 fr. monn. royal;7 April 1413;ADCO, B 1576, f° 163 r°
205;Jean sans Peur;;2319;Jacques de Harcourt;;Aucune mention particulière;Paris;Un cheval bai (les huits chevaux valent 1068 fr. 15 s. t.);;1068 fr. 15 s. t. monn. royal (les 8 chevaux);8 November 1410;ADCO, B 1560, f° 125 r° et 125 v°
206;Jean sans Peur;;1603;Jacques de Happelaincourt ou Happlaincourt;Chevalier et chambellan du duc;Aucune mention particulière;Arras;1 cheval fauve à longue queue;;80 écus or monn. royal;22 May 1414;ADN, B 1903, f° 146 r°
207;Jean sans Peur;Girard de Bourbon;2339;Jacques de Han/Hamme (?);;Aucune mention particulière;Aucune mention;Un cheval bai clair à coute queue (les trois chevaux valent 168 fr. 15 s. t.);;168 fr. 15 s. t. monn. royal (les 3 chevaux);6 January 1412;ADCO, B 1570, f° 237 v°
208;Jean sans Peur;;204;Jacques de Courtiambles;;"""Pour et en recompensacion dun autre cheval gris pommele que ledit seigneur fist prendre dudit messire Jaques le IXe jour de novembre lan mil CCCC et VI et ycelui donna et fist presenter de par lui a Saint-Omer au Borgne de la Hense chevalier et chambellan du Roy""";Aucune mention;Un cheval morel à courte queue valant 70 écus;;70 écus;4 October 1407;ADCO, B 1556, f° 79 v° et 80 r°
209;Jean sans Peur;;204;Jacques de Courtiambles;Chevalier, conseiller et chambellan du duc;Aucune mention particulière;Aucune mention;Un cheval gris à longue queue (les 12 chevaux valent 2850 écus d'or);;2850 écus d'or (les 12 chevaux);7 September 1412;ADCO, B 1571, f° 151 r° et 152 r°
210;Jean sans Peur;;204;Jacques de Courtiambles;Seigneur de Commarin;Aucune mention particulière;Saint-Omer;Une haquenée noire valant 40 écus de 40 gros vieille monn. de Flandres;;40 écus de 40 gros vieille monn. de Flandre;4 October 1413;ADCO, B 1576, f° 164 r°
211;Jean sans Peur;;2347;Jacques de Chois;Neveur de Denisot de Chaumont;"""Pour ce quil avoit este prisonnier es mains des adverdaires du Roy et de mon dit seigneur a Orleans""";Aucune mention;Un cheval fauve à longue queue;;;7 September 1412;ADCO, B 1571, f° 151 r° et 152 r°
212;Jean sans Peur;;852;Jacques de Busseuil ou Busseul;Ecuyer et maître d'hôtel du comte de Charolais;Aucune mention particulière;Douai;Un cheval fauve valant 36 écus;;36 écus;17 August 1409;ADCO, B 1558, f° 109 r°
213;Jean sans Peur;;852;Jacques de Busseuil ou Busseul;;Aucune mention particulière;Aucune mention;Un cheval bai à courte queue valant 60 écus;;60 écus;22 August 1411;ADCO, B 1570, f° 242 r°
214;Jean sans Peur;;1381;Jacques de Brimeu;;Aucune mention particulière;Bruges;1 cheval gris à longue queue;;56 fr. 5 s. t. monn. royal;1 March 1415;ADN, B 1903, f° 149 v°
215;Jean sans Peur;;500;Jacques d'Anvin de Hardenthun, dit Orengois;Valet tranchant de la duchesse de Guyenne;"""Pour consideracion des bons services quilz ont fait à madicte dame""";Paris;Un cheval gris valant 40 écus;;40 écus;26 May 1406;ADCO, B 1554, f° 108 r°
216;Jean sans Peur;;2282;Jacques Chabot;Chevalier, conseiller et chambellan de l'élu de Liège et comte de Loz;Aucune mention particulière;Bruges;Un cheval fauve à courte queue valant 80 écus d'or;;80 écus d'or;30 June 1407;ADCO, B 1547, f° 111 v°
217;Jean sans Peur;;279;Jacob de Poilly;Ecuyer de panetier du duc;Aucune mention particulière;Paris;Un cheval moreau à longue queue valant 40 écus d'or;;40 écus d'or;7 October 1407;ADCO, B 1547, f° 115 r°
218;Jean sans Peur;;207;Jacob Brocart;Valet de chambre et garde de la tapisserie du duc;Aucune mention particulière;Beauvais;Un cheval noir à longue queue valant 30 fr.;;30 fr. monn. royal;2 January 1419;ADCO, B 1598, f° 138 v°
219;Jean sans Peur;;5241;Hugues ou Huguenin de Gissey;;Aucune mention particulière;Bruges;1 cheval gris à courte queue;;32 l. 5 s. de 30 gros nouvelle monn. de Flandre la livre;1 March 1415;ADN, B 1903, f° 148 r° et 148 v°
220;Jean sans Peur;;504;Hugues de Lannoy;Seigneur de Neuville;Aucune mention particulière;Lille;1 cheval gris à courte queue;;236 l. 10 s. de 30 gros nouvelle monn. de Flandre la livre (les trois chevaux);20 January 1414;ADN, B 1903, f° 144 r°
221;Jean sans Peur;;1948;Huguenin ou Jean de Saubertier;Ecuyer;"""Pour aler de par mondit seigneur en Lorraine""";;Un cheval bai à longue queue valant 32 fr.;;32 fr. monn. royal;18 April 1419;ADCO, B 1601, f° 76 r°
222;Jean sans Peur;;882;Huguenin du Bois;Ecuyer tranchant du duc;Aucune mention particulière;Aucune mention;Un cheval brun bai à longue queue valant 60 écus;;60 écus;5 August 1408;ADCO, B 1556, f° 80 v°
223;Jean sans Peur;;882;Huguenin du Bois;Ecuyer tranchant du duc;Aucune mention particulière;Paris;Un cheval bai (les huits chevaux valent 1068 fr. 15 s. t.);;1068 fr. 15 s. t. monn. royal (les 8 chevaux);8 November 1410;ADCO, B 1560, f° 125 r° et 125 v°
224;Jean sans Peur;Girard de Bourbon;882;Huguenin du Bois;Ecuyer tranchant du duc;"""Pour lui plus honnorablement monter ou service dicellui seigneur""";Aucune mention;Un cheval bai valant 60 écus monn. royal;;60 écus monn. royal;20 December 1411;ADCO, B 1570, f° 239 r° et 239 v°
225;Jean sans Peur;;2178;Huguenin du Ble;Ecuyer tranchant du duc;Aucune mention particulière;Paris;Un cheval à courte queue valant 60 fr.;;60 fr. monn. royal;24 October 1407;ADCO, B 1554, f° 105 r°
226;Jean sans Peur;;920;Huguenin de Gissey;;Aucune mention particulière;Paris;Un cheval (les six chevaux valent 506 fr. 5 s. t.);;506 fr. 5 s. t. monn. royal (les 6 chevaux) ;18 April 1410;ADCO, B 1560, f° 124 r° et 124 v°
227;Jean sans Peur;;298;Huguenin de Cypierre;Seigneur de Cypierre, écuyer d'écurie du duc;Aucune mention particulière;Aucune mention;Un coursier gris valant 60 écus;;60 écus;13 August 1407;ADCO, B 1554, f° 105 r°
228;Jean sans Peur;;298;Huguenin de Cypierre;Ecuyer d'écurie du duc;Aucune mention particulière;Paris;Un cheval à longue queue valant 40 fr.;;40 fr. monn. royal;14 April 1408;ADCO, B 1554, f° 109 v°
229;Jean sans Peur;;2283;Henrias d'Auvergne;Chambellan du duc de Berry;Aucune mention particulière;Paris;Un cheval fauve à longue queue valant 72 écus;;72 écus;6 September 1407;ADCO, B 1554, f° 109 r°
230;Jean sans Peur;;2288;Henri Vidant;Ecuyer du maréchal de Bourgogne;Aucune mention particulière;Aucune mention;Un cheval morel à longue queue valant 60 écus;;60 écus;5 August 1408;ADCO, B 1556, f° 80 v°
231;Jean sans Peur;Oudot Grant Villain;1340;Henri III de Grandpré-Hans;Seigneur de Hans;Aucune mention particulière;Lille;Un cheval gris à longue queue valant 78 fr. 15 s. t.;;78 fr. 15 s. t. monn. royal;8 March 1411;ADCO, B 1562, f° 48 v°
232;Jean sans Peur;;2356;Henri de Vulehen/Bualehen (?);Chevalier de Brabant;Aucune mention particulière;Bapaume;Un cheval roux à longue queue valant 80 écus;;80 écus;25 February 1414;ADCO, B 1576, f° 165 r°
233;Jean sans Peur;;802;Hennequin de Beauvais;Huissier d'armes et fauconnier du duc;Aucune mention particulière;Aucune mention;Un cheval moreau à courte queue valant 50 fr.;;50 fr. monn. royal;17 August 1408;ADCO, B 1554, f° 110 r°
234;Jean sans Peur;;802;Hennequin de Beauvais;Huissier d'armes et fauconnier du duc;Aucune mention particulière;Paris;Un cheval gris à courte queue valant 100 fr. d'or;;100 fr. or;18 December 1409;ADCO, B 1560, f° 123 r°
235;Jean sans Peur;;5604;Hector de Saveuse;;Aucune mention particulière;Compiègne;1 cheval;;26 écus monn. royal;22 February 1414;ADN, B 1903, f° 145 v°
236;Jean sans Peur;;2278;Harmelet (?);;Aucune mention particulière;Bruges;Un coursier moreau valant 46 écus d'or;;46 écus d'or;10 March 1407;ADCO, B 1547, f° 112 v°
237;Jean sans Peur;;528;Hans de Wercenbert;Ecuyer servant du duc;Aucune mention particulière;Aucune mention;Un cheval à poil fauve à longue queue valant 18 écus d'or;;18 écus d'or;9 January 1412;ADCO, B 1570, f° 236 r°
238;Jean sans Peur;;537;Guyot de Savigny;;Aucune mention particulière;Aucune mention;Un cheval bai à courte queue valant 45 écus d'or;;45 écus d'or;12 December 1406;ADCO, B 1547, f° 113 v°
239;Jean sans Peur;;2112;Guy Turpin;Seigneur de Gavre, chambellan du duc;Aucune mention particulière;Paris;Un cheval gris à courte queue valant 150 écus d'or;;150 écus d'or;8 November 1410;ADCO, B 1560, f° 121 v°
240;Jean sans Peur;;483;Guy de La Tremoille;;Aucune mention particulière;Paris;Un cheval bai à courte queue valant 150 écus d'or;;150 écus d'or;8 November 1410;ADCO, B 1560, f° 121 v°
241;Jean sans Peur;;2302;Guy d'Amours;Chevalie et chambellan du duc;Aucune mention particulière;Paris;Un cheval bai (le prix est de 225 fr. pour deux chevaux);;225 fr. monn. royal (les 2 chevaux);24 January 1410;ADCO, B 1560, f° 123 r°
242;Jean sans Peur;;2311;Guillaume V de Mello;Seigneur d'Epoisses;Aucune mention particulière;Paris;Un cheval roux ou bai à longue queue valant 120 écus;;120 écus;8 November 1410;ADCO, B 1560, f° 121 v°
243;Jean sans Peur;;2290;Guillaume IV de Baviere;Comte de Hainaut;Pour ses étrennes;Paris;Un coursier gris à longue queue valant 160 fr.;;160 fr. monn. royal;1 January 1409;ADCO, B 1558, f° 105 r°
244;Jean sans Peur;;2275;Guillaume Foucault;Chevalier;Aucune mention particulière;Paris;1 cheval bai à courte queue;;60 écus;13 May 1406;ADCO, B 1543, f° 117 r°
245;Jean sans Peur;;710;Guillaume du Bois;Ecuyer et panetier du duc;Aucune mention particulière;Paris;Un cheval bai valant 40 écus;;40 écus;24 May 1406;ADCO, B 1554, f° 105 r°
246;Jean sans Peur;;710;Guillaume du Bois;Panetier du duc;Aucune mention particulière;Paris;Un cheval brun bai à courte queue valant 40 écus;;40 écus;24 October 1407;ADCO, B 1554, f° 106 r°
247;Jean sans Peur;;2344;Guillaume des Pres;;Aucune mention particulière;Aucune mention;Un cheval gris à longue queue (les 12 chevaux valent 2850 écus d'or);;2850 écus d'or (les 12 chevaux);7 September 1412;ADCO, B 1571, f° 151 r° et 152 r°
248;Jean sans Peur;;216;Guillaume de Vichy;Valet servant du duc;Aucune mention particulière;Paris;Un cheval valant 30 fr.;;30 fr. monn. royal;19 September 1407;ADCO, B 1554, f° 106 r°
249;Jean sans Peur;;216;Guillaume de Vichy;Panetier du duc;Aucune mention particulière;;Un cheval bai à longue queue valant 70 écus d'or du prix de 30 blans doubles l'écu;;70 écus d'or de 30 blancs double l'écu;31 December 1418;ADCO, B 1601, f° 76 v°
250;Jean sans Peur;;37;Guillaume de Sully;Panetier du duc;En remplacement d'un cheval pris audit Guillaume et donné au comte de Charolais;Paris;Un cheval fauve à courte queue valant 42 écus;;42 écus;1 October 1409;ADCO, B 1558, f° 107 v°
251;Jean sans Peur;;2333;Guillaume de Souquesole (?);Ecuyer;En dédommagement des pertes contre les adversaires du duc;Aucune mention;Un cheval brun bai valant 30 écus de 30 gros nouvelle monn. de Flandres;;30 écus de 30 gros nouvelle monn. de Flandre;30 August 1411;ADCO, B 1570, f° 239 v° et 240 r°
252;Jean sans Peur;;215;Guillaume de Neuville, dit Le Moine de Neuville;Ecuyer tranchant du duc;Aucune mention particulière;Bruges;Un coursier brun bai à longue queue valant 80 écus;;80 écus;16 March 1407;ADCO, B 1558, f° 103 r°
253;Jean sans Peur;;215;Guillaume de Neuville, dit Le Moine de Neuville;Ecuyer tranchant du duc;Aucune mention particulière;Paris;Un cheval gris valant 70 écus d'or;;70 écus d'or;8 November 1410;ADCO, B 1560, f° 122 r°
254;Jean sans Peur;;215;Guillaume de Neuville, dit Le Moine de Neuville;Ecuyer tranchant du duc;Aucune mention particulière;Lille;Un cheval roux à courte queue valant 60 fr.;;60 fr. monn. royal;24 March 1411;ADCO, B 1562, f° 49 v°
255;Jean sans Peur;;215;Guillaume de Neuville, dit Le Moine de Neuville;Ecuyer tranchant du duc;Aucune mention particulière;;Un cheval moreau à longue queue valant 60 écus de 40 gros vieille monnaie de Flandres l'écu;;60 écus de 40 gros vieille monn. de Flandre;15 September 1414;ADCO, B 1601, f° 76 r° et 76 v°
256;Jean sans Peur;;1231;Guillaume de Marigny;Seigneur de Chateauvillain;Aucune mention particulière;Aucune mention;Un cheval fauve à longue queue valant 60 écus;;60 écus;7 September 1412;ADCO, B 1571, f° 151 r° et 152 r°
257;Jean sans Peur;;1399;Guillaume de Mairey;Ecuyer du duc;Aucune mention particulière;Aucune mention;Un cheval morel à courte queue valant 36 écus;;36 écus;22 September 1406;ADCO, B 1554, f° 106 r°
258;Jean sans Peur;;1399;Guillaume de Mairey;Echanson du duc;Aucune mention particulière;Paris;Un cheval valant 67 fr. demi;;67 fr. demi monn. royal;20 June 1409;ADCO, B 1558, f° 105 r° et 105 v°
259;Jean sans Peur;;1399;Guillaume de Mairey;Ecuyer;Aucune mention particulière;Bruges;1 cheval bai à longue queue;;64 l. 10 s. de 30 gros nouvelle monn. de Flandre la livre;1 March 1415;ADN, B 1903, f° 148 v° et 149 r°
260;Jean sans Peur;;337;Guillaume de Gonneville;Chevaucheur du duc;Aucune mention particulière;Paris;Un cheval bai valant 20 fr. d'or;;20 fr. or;31 May 1410;ADCO, B 1560, f° 120 v°
261;Jean sans Peur;;2329;Guillaume de Ferrebourg;Capitaine de gens d'armes;Aucune mention particulière;Aucune mention;Un cheval noir à longue queue valant 32 écus ;;32 écus;20 August 1411;ADCO, B 1570, f° 237 r°
262;Jean sans Peur;;2329;Guillaume de Ferrebourg;Ecuyer;Aucune mention particulière;Bruges;1 cheval gris à longue queue ;;69 l. 12 s. de 30 gros nouvelle monn. de Flandre la livre (les deux chevaux);1 March 1415;ADN, B 1903, f° 149 r°
263;Jean sans Peur;;63;Guillaume de Champdivers;;Aucune mention particulière;Bruges;Un cheval gris pommelé;;;4 August 1408;ADCO, B 1554, f° 110 v°
264;Jean sans Peur;;63;Guillaume de Champdivers;Chevalier;Aucune mention particulière;Arras;Un coursier noir à longue queue;;;6 March 1414;ADCO, B 1576, f° 165 v°
265;Jean sans Peur;;2303;Guillaume de Bonnier;Ecuyer et panetier du duc;Aucune mention particulière;Paris;Un cheval fauve à courte queue valant 40 fr.;;40 fr. monn. royal;20 March 1410;ADCO, B 1558, f° 109 r°
266;Jean sans Peur;;534;Guillaume Courtheuse;;Aucune mention particulière;Paris;Un cheval bai à courte queue valant 40 écus;;40 écus;20 October 1407;ADCO, B 1554, f° 106 v°
267;Jean sans Peur;;393;Guillaume Caillet;Ménestrel du duc;Aucune mention particulière;Aucune mention;Un cheval bai à longue queue valant 20 écus;;20 écus;1 June 1409;ADCO, B 1558, f° 108 v°
268;Jean sans Peur;;205;Guillaume Bonnier;Seigneur de Bonnières, gouverneur du bailli d'Arras;Aucune mention particulière;Aucune mention;Un cheval moreau à longue queue valant 110 écus;;110 écus;9 December 1409;ADCO, B 1558, f° 107 v°
269;Jean sans Peur;;2351;Guignes de Sallenove;Seigneur de Sallenove;Aucune mention particulière;Paris;Un cheval aux pieds blancs et rouges valant 300 fr.;;300 fr. monn. royal;16 February 1413;ADCO, B 1572, f° 36 r°
270;Jean sans Peur;;261;Guichard Dauphin;Grand maître d'hôtel du roi;Aucune mention particulière;Paris;Un cheval gris pommelé valant 160 écus d'or;;160 écus d'or;8 November 1410;ADCO, B 1560, f° 122 v°
271;Jean sans Peur;;164;Girard de Terny ou de Ternier;;Aucune mention particulière;Paris;Un cheval bai (les huits chevaux valent 1068 fr. 15 s. t.);;1068 fr. 15 s. t. monn. royal (les 8 chevaux);8 November 1410;ADCO, B 1560, f° 125 r° et 125 v°
272;Jean sans Peur;;1398;Girard de Mauleon;Chevalier;Lors de la venue dudit Girart devant le duc à Arras;Arras;Un cheval bai à longue queue valant 62 l. 5 s. p. de 30 gros nouvelle monn. de Flandres;;62 l. 5 s. p. de 30 gros nouvelle monn. de Flandre;7 July 1411;ADCO, B 1570, f° 240 r°
273;Jean sans Peur;Lourdin de Saligny;282;Gillot du Molin;Valet de chambre du duc;Aucune mention particulière;Paris;Un cheval noir à longue queue valant 36 écus;;36 écus;13 September 1407;ADCO, B 1554, f° 110 r° et 110 v°
274;Jean sans Peur;;1537;Gilles de Masoncles;Ecuyer du duc;Aucune mention particulière;Gand;Un cheval brun bai à longue queue valant 60 fr.;;60 fr. monn. royal;31 July 1409;ADCO, B 1558, f° 106 r°
275;Jean sans Peur;;734;Gérard d'Inchy;Seigneur d'Inchy;Aucune mention particulière;Lille;1 cheval roux à longue queue;;236 l. 10 s. de 30 gros nouvelle monn. de Flandre la livre (les trois chevaux);20 January 1414;ADN, B 1903, f° 144 r°
276;Jean sans Peur;;29;Gerard de Cuinghien, dit Le Grand;Seigneur d'Hem;Aucune mention particulière;Paris;Un cheval bai valant 100 écus;;100 écus;20 April 1408;ADCO, B 1554, f° 109 r°
277;Jean sans Peur;;201;Geoffroy Maupoivre;Physicien du duc;Aucune mention particulière;Paris;Un mulet valant 7 l. 15 s. t.;;7 l. 15 s. t. monn. royal;18 September 1407;ADCO, B 1547, f° 114 r°
278;Jean sans Peur;;233;Gauthier de Passac, dit Gaucher de Passac;Chevalier;Aucune mention particulière;Bruges;Un cheval gris;;;4 August 1408;ADCO, B 1554, f° 110 v°
279;Jean sans Peur;;680;Gauthier de Bauffremont, dit de Ruppes;Chevalier et conseiller du duc;"""Pour soy monter ou service dudit seigneur""";Aucune mention;2 chevaux, un gris à courte queue et un gris à longue queue valant 120 écus de 40 gros l'écu;;120 écus de 40 gros monn. de Flandre l'écu;3 August 1408;ADCO, B 1556, f° 80 r°
280;Jean sans Peur;;24;Ferri de Hangest;Bailli de Vermandois;Aucune mention particulière;Aucune mention;Un coursier brun bai à courte queue valant 100 écus;;100 écus;2 September 1406;ADCO, B 1554, f° 110 r°
281;Jean sans Peur;;967;Etienne Moreau;Contrôleur de la dépense de l'hôtel du duc;Aucune mention particulière;Douai;1 cheval bai basant à longue queue;;50 écus or monn. royal;21 June 1414;ADN, B 1903, f° 146 v°
282;Jean sans Peur;;972;Etienne Lambin;Ecuyer du duc;Aucune mention particulière;Hesdin;Un cheval noir valant 35 écus;;35 écus;15 November 1406;ADCO, B 1543, f° 117 v°
283;Jean sans Peur;Guyot de Savigny et Jean d'Ormoy;271;Etienne Devenet;Clerc des offices de l'hôtel du duc;En récompense d'un cheval qu'il a affolé au service du duc;Aucune mention;Un petit cheval valant 20 fr.;;20 fr. monn. royal;8 May 1411;ADCO, B 1570, f° 236 r°
284;Jean sans Peur;;2315;Etienne de Saint-Georges;Ecuyer de Jean de Nielles, seigneur d'Olhain;Aucune mention particulière;Paris;Un cheval bai à courte queue valant 80 écus d'or;;80 écus d'or;8 November 1410;ADCO, B 1560, f° 122 r°
285;Jean sans Peur;;1562;Erard de Champlitte;Ecuyer de cuisine du duc;Aucune mention particulière;Aucune mention;Un cheval gris roux à longue queue;;;7 September 1412;ADCO, B 1571, f° 151 r° et 152 r°
286;Jean sans Peur;;2321;Erard Boet;Chevalier et chambellan du duc de Brabant;Aucune mention particulière;Aucune mention;Un cheval liart à longue queue valant 52 écus;;52 écus;20 January 1411;ADCO, B 1562, f° 48 r°
287;Jean sans Peur;;2289;Erard;Chevalier espagnol;Aucune mention particulière;Aucune mention;Un cheval gris à courte queue valant 90 fr.;;90 fr. monn. royal;2 September 1408;ADCO, B 1554, f° 111 v°
288;Jean sans Peur;;183;Emard de Lith;Huissier d'armes du duc;Aucune mention particulière;Aucune mention;Un cheval moreau valant 60 fr.;;60 fr. monn. royal;13 August 1407;ADCO, B 1554, f° 106 v°
289;Jean sans Peur;;719;Elyon de Jacqueville;Chevalier et conseiller du duc;Aucune mention particulière;Paris;Un cheval roux à longue queue valant 200 fr.;;200 fr. monn. royal;25 December 1412;ADCO, B 1572, f° 35 r° et 35 v°
290;Jean sans Peur;;1008;Diogo Oliveira;Ecuyer portugais;Aucune mention particulière;Lille;2 chevaux bais à longues queues + 1 cheval fauve à courte queue;;200 écus d'or;20 January 1414;ADN, B 1903, f° 143 v°
291;Jean sans Peur;;83;David de Rambures;Seigneur de Rambures, chevalier et chambellan du duc;Aucune mention particulière;Aucune mention;Un cheval bai à courte queue valant 52 écus d'or;;52 écus d'or;25 April 1407;ADCO, B 1547, f° 113 v° et 114 r°
292;Jean sans Peur;;83;David de Rambures;Conseiller et chambellan du roi;Aucune mention particulière;Bruxelles;Un cheval noir à longue queue valant 90 écus;;90 écus;18 January 1411;ADCO, B 1562, f° 47 v°
293;Jean sans Peur;;;David de Brimeu/Ferry d'Hangest/Robert Lejeune;Bailli d'Amiens;Aucune mention particulière;Aucune mention;Un cheval gris à courte queue valant 20 écus ;;20 écus;22 August 1411;ADCO, B 1570, f° 242 r°
294;Jean sans Peur;;477;David de Brimeu;Seigneur de Humbercourt, chevalier, conseiller et chambellan du duc;Aucune mention particulière;Lille;Une haquenée grise à longue queue valant 67 fr. 10 s. t.;;67 fr. 10 s. t. monn. royal;17 March 1411;ADCO, B 1562, f° 48 r° et 48 v°
295;Jean sans Peur;;477;David de Brimeu;Seigneur de Humbercourt, chevalier, conseiller et chambellan du duc;En dédommagement de plusieurs chevaux perdus au service du duc;Aucune mention;Un cheval bai à longue queue valant 60 écus d'or;;60 écus d'or;16 November 1411;ADCO, B 1570, f° 238 r°
296;Jean sans Peur;;654;Cosquin de Messeray;Chevalier et chambellan du duc;Aucune mention particulière;;Un cheval moreau à longue queue valant 60 écus de 40 gros vieille monnaie de Flandres l'écu;;60 écus de 40 gros vieille monn. de Flandre;15 September 1414;ADCO, B 1601, f° 76 r° et 76 v°
297;Jean sans Peur;;2358;Cornelis de Halluin;Archer de Roland d'Uutkerke;Aucune mention particulière;;Un grand cheval à longue queue pour la joute;;;1416;DE LABORDE, Les ducs de Bourgogne, étude sur les lettres, les arts et l'industrie pendant le XVe siècle, t. I, 1851, n° 396, p. 130
298;Jean sans Peur;;2244;Conrad de Juinche;Valet de chambre du duc;Aucune mention particulière;Paris;Un cheval (les six chevaux valent 506 fr. 5 s. t.);;506 fr. 5 s. t. monn. royal (les 6 chevaux) ;18 April 1410;ADCO, B 1560, f° 124 r° et 124 v°
299;Jean sans Peur;;2326;Compagnon des Essarts;Panetier du duc;Aucune mention particulière;Aucune mention;Un cheval brun bai à longue queue valant 32 écus d'or;;32 écus d'or;19 May 1411;ADCO, B 1570, f° 236 r°
300;Jean sans Peur;;2312;Collard de Basse;Seigneur d'Espaigny;Aucune mention particulière;Paris;Un cheval gris valant 100 écus d'or;;100 écus d'or;8 November 1410;ADCO, B 1560, f° 121 v°
301;Jean sans Peur;Roland d'Uutkerke;2312;Collard de Basse;Seigneur d'Espaigny;Don fait en remerciement de la venue du seigneur Despaigny dans l'armée du duc en 1410;Lille;Un cheval gris valant 225 fr.;;225 fr. monn. royal;3 January 1411;ADCO, B 1562, f° 49 r° et 49 v°
302;Jean sans Peur;;1584;Clavin du Clou;Ecuyer;Aucune mention particulière;Lille;1 cheval bai à longue queue;;70 écus or monn. royal;31 August 1414;ADN, B 1903, f° 146 v° et 147 r°
303;Jean sans Peur;;398;Christophe d'Albourg;Trompette du duc;Aucune mention particulière;Saint-Omer;Un cheval morel à longue queue valant 26 écus de 40 gros vieille monn. de Flandres;;26 écus de 40 gros vieille monn. de Flandre;4 October 1413;ADCO, B 1576, f° 162 r° et 162 v°
304;Jean sans Peur;;398;Christophe d'Albourg;Trompette du duc;Aucune mention particulière;Aucune mention;Un cheval roux à longue queue valant 67 fr. demi;;67 fr demi monn. royal;1 July 1419;ADCO, B 1598, f° 209 v°
305;Jean sans Peur;;150;Charles VI;Roi de France;Pour la nouvelle année;;1 faucon;;;1406;DE LABORDE, Les ducs de Bourgogne, étude sur les lettres, les arts et l'industrie pendant le XVe siècle, t. I, 1851, n° 82, p. 19
306;Jean sans Peur;;150;Charles VI;Roi de France;"""Ycellui donna au Roy messire derrenierement quil disna en son hostel Dartois a Paris""";Paris;1 cheval;;200 écus;3 February 1406;ADCO, B 1543, f° 117 r°
307;Jean sans Peur;;2249;Charles III de Navarre;Roi de Navarre;Aucune mention particulière;Paris;Un cheval brun bai à longue queue valant 150 écus;;150 écus;22 March 1409;ADCO, B 1558, f° 104 v°
308;Jean sans Peur;;1207;Charles II de Lorraine;Duc de Lorraine;Aucune mention particulière;Paris;Un cheval roux à courte queue (le prix est de 225 fr. pour deux chevaux);;225 fr. monn. royal (les 2 chevaux);24 January 1410;ADCO, B 1560, f° 123 r°
309;Jean sans Peur;;2262;Charles Ier d'Orléans;;Aucune mention particulière;;"6 chevaux carapaçonés (""six harnois [...] brides, poitraux et culières à chacun lesdits harnois, deux pendants de trois, l'une blanche, l'autre verde, et l'autre noire. Lesquels sont semés de rabos et de couppeaux de laton doré, à la devise de mondit seigneur""";;;August 1412;DE LABORDE, Les ducs de Bourgogne, étude sur les lettres, les arts et l'industrie pendant le XVe siècle, t. I, 1851, n° 261, p. 92
310;Jean sans Peur;;1343;Charles de Savoisy;Chevalier, conseiller et chambellan du duc;Aucune mention particulière;Aucune mention;Un cheval à poil fauve à trois pieds blancs (les 12 chevaux valent 2850 écus d'or);;2850 écus d'or (les 12 chevaux);7 September 1412;ADCO, B 1571, f° 151 r° et 152 r°
311;Jean sans Peur;;2336;Charles de Recourt;;Aucune mention particulière;Aucune mention;Un cheval blanc à courte queue valant 120 écus monn. royal;;120 écus monn. royal;15 November 1411;ADCO, B 1570, f° 239 r°
312;Jean sans Peur;;958;Charles de Longueval;Seigneur de Longueval;"""Pour aler en Lombardie""";Paris;Un coursier valant 150 fr.;;150 fr. monn. royal;25 June 1409;ADCO, B 1558, f° 105 v°
313;Jean sans Peur;;2291;Charart;Ecuyer d'écurie du seigneur d'Allegre;Lors d'une ambassade de plusieurs hommes auprès du duc (Charart, écuyer d'écurie et le sire d'Allègre, ainsi que d'autres ambassadeurs du duc de Berry);Aucune mention;Un cheval rouge bai à longue queue valant 120 écus;;120 écus;28 February 1409;ADCO, B 1556, f° 79 r°
314;Jean sans Peur;;2337;Carmalay (?);Ecuyer d'écurie du duc de Guyenne;Aucune mention particulière;Aucune mention;Un cheval roux à courte queue valant 85 fr. demi;;85 fr. demi monn. royal;2 January 1412;ADCO, B 1570, f° 243 v° et 244 r°
315;Jean sans Peur;;3609;Caisin Dupuy ou du Puys;Enfant de la chapelle du duc;Aucune mention particulière;Gand;1 cheval bai à courte queue;;8 écus de 30 gros nouvelle monn. de Flandre l'écu;27 December 1413;ADN, B 1903, f° 142 v°
316;Jean sans Peur;;5625;Boniface;Capitaine des arbalétriers ;Aucune mention particulière;Bruges;1 cheval fauve;;27 l. 19 s. de 30 gros nouvelle monn. de Flandre la livre;1 March 1415;ADN, B 1903, f° 148 v°
317;Jean sans Peur;;2320;Bertrand;Chambellan du roi de Navarre;Aucune mention particulière;Paris;Un cheval bai (les huits chevaux valent 1068 fr. 15 s. t.);;1068 fr. 15 s. t. monn. royal (les 8 chevaux);8 November 1410;ADCO, B 1560, f° 125 r° et 125 v°
318;Jean sans Peur;;2243;Berthelot Cliot ou Clyot (?);;Aucune mention particulière;Aucune mention;Une haquenée grise valant 70 fr.;;70 fr. monn. royal;26 April 1408;ADCO, B 1556, f° 80 r°
319;Jean sans Peur;;677;Baudouin, dit Beaugois d'Ailly;Vidame d'Amiens;"""Pour aller en laide de monseigneur le duc de Brebant en larmee quil fist oudit mois de septembre 1407 a lencontre dudit Rouge""";Aucune mention;Un cheval bai valant 150 écus;;150 écus ;2 March 1408;ADCO, B 1554, f° 106 v°
320;Jean sans Peur;;677;Baudouin, dit Beaugois d'Ailly;Vidame d'Amiens;"""Que feu monseigneur le duc derrain trespasse cui dieu pardoint fist prendre de lui et ycelui donna au vidame Damiens si comme il appert par les lettres dudit feu monseigneur le duc sur ce faites donne le XIIIe jour de juing lan mil CCCC ung pour ce par mandement""";Aucune mention;Un cheval de joute valant 110 écus;;110 écus;1 June 1408;ADCO, B 1556, f° 80 v°
321;Jean sans Peur;;30;Baudouin Olivier;Ecuyer;Aucune mention particulière;Bruges;Un coursier bai valant 60 écus d'or;;60 écus d'or;10 March 1407;ADCO, B 1547, f° 112 v°
322;Jean sans Peur;;181;Antoine de Villiers;Ecuyer tranchant du duc;Aucune mention particulière;Lille;Un cheval liart à courte queue valant 60 fr.;;60 fr. monn. royal;7 February 1407;ADCO, B 1547, f° 113 r°
323;Jean sans Peur;;181;Antoine de Villiers;Ecuyer tranchant du duc;Aucune mention particulière;Aucune mention;Un cheval gris à longue queue valant 67 fr. demi;;67 fr. demi monn. royal;24 July 1412;ADCO, B 1571, f° 152 r° et 152 v°
324;Jean sans Peur;;181;Antoine de Villiers;;Aucune mention particulière;Melun;1 cheval roux à longue queue ;;337 fr. 10 s. t. monn. royal (les quatre);30 August 1412;ADN, B 1903, f° 142 r° et 142 v°
325;Jean sans Peur;;181;Antoine de Villiers;Ecuyer d'écurie du comte de Charolais;Aucune mention particulière;Paris;Un cheval roux valant 60 écus;;60 écus;9 August 1413;ADCO, B 1576, f° 164 v°
326;Jean sans Peur;;1849;Antoine de Toulongeon;Chevalier, conseiller et chambellan du duc;Aucune mention particulière;;Un coursier sur poil noir à longue queue valant 140 fr.;;140 fr. monn. royal;5 May 1419;ADCO, B 1601, f° 75 v° et 76 r°
327;Jean sans Peur;;2357;Antoine de Grancon;Ecuyer;Aucune mention particulière;Arras;Un cheval noir à courte queue;;;6 March 1414;ADCO, B 1576, f° 165 v°
328;Jean sans Peur;;226;Antoine de Craon;Chevalier, conseiller et chambellan du duc;Aucune mention particulière;Aucune mention;Un cheval gris à longue queue valant 90 écus;;90 écus ;22 August 1411;ADCO, B 1570, f° 242 r° et 242 v°
329;Jean sans Peur;;226;Antoine de Craon;;Aucune mention particulière;Coulommiers;1 grand cheval gris à longue queue;;50 écus de 30 gros nouvelle monn. de Flandre l'écu;8 December 1414;ADN, B 1903, f° 152 r°
330;Jean sans Peur;;2273;Antoine de Brabant;Duc de Limbourg, frère du duc;Aucune mention particulière;Paris;1 cheval gris à longue queue;;;6 January 1406;ADCO, B 1543, f° 116 v°
331;Jean sans Peur;;2273;Antoine de Brabant;Duc de Limbourg, frère du duc;Aucune mention particulière;Paris;1 cheval gris à longue queue;;;6 January 1406;ADCO, B 1543, f° 116 v°
332;Jean sans Peur;Girart de Bourbon;2331;André de Bailly;Chevalier de Regnier Pot, gouverneur du Dauphiné, conseiller du roi et du duc;Aucune mention particulière;Aucune mention;Un cheval gris à courte queue valant 45 écus;;45 écus;22 August 1411;ADCO, B 1570, f° 242 r°
333;Jean sans Peur;;64;Amé de Viry;Ecuyer du duc;Aucune mention particulière;Paris;Un cheval bai à longue queue valant 123 fr. 12. s. p.;;123 fr. 12 s. p. ;25 August 1410;ADCO, B 1560, f° 121 r°
334;Jean sans Peur;;1475;Amé de Baudoncourt;;Aucune mention particulière;Melun;1 cheval gris à longue queue;;337 fr. 10 s. t. monn. royal (les quatre);30 August 1412;ADN, B 1903, f° 142 r° et 142 v°
335;Jean sans Peur;;559;Adolphe II de Clèves;Comte de Clèves et de La Marck;Aucune mention particulière;Aucune mention;Un cheval fauve à courte queue valant 90 fr.;;90 fr. monn. royal;2 September 1408;ADCO, B 1554, f° 111 r° et 111 v°
336;Jean sans Peur;;94;Adam Canet;Garde-buche de l'échansonnerie du duc;Aucune mention particulière;Paris;Un cheval bai à longue queue valant 25 écus d'or;;25 écus d'or;7 October 1407;ADCO, B 1547, f° 115 r°
