﻿IdDon;Auteur;Intermediaire;IdBene;Beneficiaire;Statut;Nature;Lieu;Formes;Poids;Prix;Informations;Sources
1;Jean sans Peur;;2221;(?) de Liquestam;Chevalier et chambellan du roi;Aucune mention particulière;Paris;1 longue houppelande de drap d'or;;30 fr. monn. royal;16 February 1406;ADCO, B 1543, f° 150 r°
2;Jean sans Peur;;2237;Adenet de Baulmes;Epicier et valet de chambre du duc;Aucune mention particulière;Paris;1 drap;;12 fr. monn. royal;10 May 1407;ADCO, B 1554, f° 129 r°
3;Jean sans Peur;;2237;Adenet de Baulmes;Epicier et valet de chambre du duc;Aucune mention particulière;Aucune mention;Des draps;;12 fr. monn. royal;18 November 1407;ADCO, B 1547, f° 129 r°
4;Jean sans Peur;;559;Adolphe II de Clèves;Comte de Clèves et de La Marck;Aucune mention particulière;Paris;1 houppelande en soie de Florence;;33 fr. monn. royal;9 August 1406;ADCO, B 1543, f° 142 v°
5;Jean sans Peur;;940;Agnes du Deffeus/Deffens (?);Damoiselle de la duchesse;Pour faire une robe;Compiègne;5 aunes de soie d'Ypres;;15 s./aune;24 June 1406;ADCO, B 1543, f° 149 r°
6;Jean sans Peur;;283;Andrieu d'Armentieres;Valet de chambre du duc;Aucune mention particulière;Paris;1 drap;;12 fr. monn. royal;10 May 1407;ADCO, B 1554, f° 129 r°
7;Jean sans Peur;;283;Andrieu d'Armentieres;Valet de chambre du duc;Aucune mention particulière;Aucune mention;Des draps;;12 fr. monn. royal;18 November 1407;ADCO, B 1547, f° 129 r°
8;Jean sans Peur;Regnier Pot;2242;Antoine de Bourgogne;Duc de Brabant;"""Ou mois de juing mil CCCC et huit [...] pour porter avec lui ou voyage quil a fait par ordonnance dudit seigneur devers les Roys de Hongherye et de Behaigne pour le mariage de monseigneur le duc de Brabant pour ycelles donner de par lui comme bon lui sembleroit""";Aucune mention;4 pièces de drap de soie;;64 fr. monn. royal;12 October 1408;ADCO, B 1556, f° 95 v°
9;Jean sans Peur;;2242;Antoine de Bourgogne;Duc de Brabant;Aucune mention particulière;Paris;1 huque de drap bleu;;;8 August 1410;ADCO, B 1560, f° 163 r°
10;Jean sans Peur;;226;Antoine de Craon;Chevalier et chambellan du duc;Aucune mention particulière;Gand;1 chaperon et des vêtements;;Aucune mention;17 April 1407;ADCO, B 1547, f° 130 v°
11;Jean sans Peur;;226;Antoine de Craon;;Aucune mention particulière;Aucune mention;1 tabard en drap bleu;;Aucune mention;14 August 1407;ADCO, B 1556, f° 98 v°
12;Jean sans Peur;;226;Antoine de Craon;;Aucune mention particulière;Paris;1 houppelande fourrée;;Aucune mention;7 September 1407;ADCO, B 1547, f° 131 v°
13;Jean sans Peur;;226;Antoine de Craon;;Aucune mention particulière;Paris;1 houppelande grise fourrée;;42 fr. monn. royal;26 April 1408;ADCO, B 1554, f° 131 v°
14;Jean sans Peur;;226;Antoine de Craon;Cousin du duc;Aucune mention particulière;Paris;1 robe;;Aucune mention;2 May 1408;ADCO, B 1547, f° 126 v°
15;Jean sans Peur;;226;Antoine de Craon;;Aucune mention particulière;Aucune mention;Des pannes à grandes bombardes en satin et drap de Damas;;Aucune mention;16 May 1408;ADCO, B 1556, f° 102 r°
16;Jean sans Peur;;226;Antoine de Craon;;Aucune mention particulière;Paris;1 robe en laine grise de Montivilliers;;Aucune mention;31 May 1408;ADCO, B 1554, f° 126 v°
17;Jean sans Peur;;226;Antoine de Craon;Conseiller et chambellan du duc;Aucune mention particulière;Paris;1 robe en satin de soie figuré;;450 fr. (l'ensemble);23 August 1410;ADCO, B 1560, f° 160 v°
18;Jean sans Peur;;226;Antoine de Craon;Capitaine des archers du duc;Aucune mention particulière;Paris;1 robe de Neuchâtel doublée de blanc à la devise du duc;;;16 January 1411;ADCO, B 1560, f° 157 r°
19;Jean sans Peur;;707;Antoine Forest;Garde des joyaux du duc d'Orléans;"""Pour ce quil avoit trouve et rapporte a mon dit seigneur son bon rabot qui avoit este perdu""";Aucune mention;2 draps de soie;;45 fr. monn. royal;5 February 1407;ADCO, B 1543, f° 144 v°
20;Jean sans Peur;;1937;Archambaud de Foix;Comte de Foix et seigneur de Navailles;Aucune mention particulière;Aucune mention;1 houppelande de velours cramoisi broché d'or et de feuillage vert;;Aucune mention;31 October 1418;ADCO, B 1601, f° 92 r°
21;Jean sans Peur;;2225;Beatrix de Bauthven (?);Damoiselle de la duchesse;Pour faire une robe;Compiègne;5 aunes de soie d'Ypres;;15 s./aune;24 June 1406;ADCO, B 1543, f° 149 r°
22;Jean sans Peur;;2224;Beatrix de Wavrin;Damoiselle de la duchesse;Pour faire une robe;Compiègne;5 aunes de soie d'Ypres;;15 s./aune;24 June 1406;ADCO, B 1543, f° 149 r°
23;Jean sans Peur;;2243;Berthelot Cliot ou Clyot (?);;Aucune mention particulière;Aucune mention;1 drap de soie;;120 fr. 5 s. t. monn. royal;12 October 1408;ADCO, B 1556, f° 95 v°
24;Jean sans Peur;;2143;Bertrand de Remenvel;Chambellan du duc;Aucune mention particulière;Paris;1 robe en drap d'Ypres noir;;;25 November 1410;ADCO, B 1560, f° 164 v°
25;Jean sans Peur;;2251;Catherine de Sicile;;Aucune mention particulière;Paris;1 chambre de taffetas vermeil ;;;28 July 1410;ADCO, B 1560, f° 163 v°
26;Jean sans Peur;;2262;Charles Ier d'Orléans;Duc d'Orléans et cousin du duc;Aucune mention particulière;Aucune mention;1 harnois de drap noir, blanc et vert;;4 fr. monn. royal;13 January 1413;ADCO, B 1571, f° 139 r° et 139 v°
27;Jean sans Peur;;2249;Charles III de Navarre;Roi de Navarre;Aucune mention particulière;Aucune mention;1 houppelande en velours en tissu à or;;281 fr. 1 s. t. monn. royal;1 November 1409;ADCO, B 1558, f° 137 v°
28;Jean sans Peur;;2211;Colin;Aide de garde-robe de la duchesse de Guyenne;Aucune mention particulière;Paris;1 robe de drap noir;;18 s./p.;1 October 1405;ADCO, B 1543, f° 146 v°
29;Jean sans Peur;;2244;Conrad de Juinche;Chevalier;"""Lesqulez ont este nouveaux chevaliers oy voyage derrain fait ou pais du Liege pour faire chacune une robe""";Aucune mention;1 pièce de velours de satin vermeil;;32 écus;4 December 1408;ADCO, B 1556, f° 95 v°
30;Jean sans Peur;;2244;Conrad de Juinche;Chevalier et chambellan du duc;"""A son retour du pais du Liege et lequel ycellui seigneur fist chevalier oudit pays""";Aucune mention;1 robe fourrée de martres;;Aucune mention;4 December 1408;ADCO, B 1556, f° 100 r°
31;Jean sans Peur;;2244;Conrad de Juinche;Chambellan du duc;Aucune mention particulière;Paris;1 robe en drap d'Ypres noir;;;25 November 1410;ADCO, B 1560, f° 164 v°
32;Jean sans Peur;;2234;Daniel Nain (?);Fauconnier du duc;Aucune mention particulière;Aucune mention;1 robe;;Aucune mention;2 April 1407;ADCO, B 1547, f° 135 r°
33;Jean sans Peur;;2234;Daniel Nain (?);Fauconnier du duc;Aucune mention particulière;Aucune mention;1 robe en laine;;Aucune mention;2 November 1407;ADCO, B 1554, f° 135 r°
34;Jean sans Peur;;1008;Diogo Oliveira;Ecuyer portugais;Lors d'une ambassade d'Olivier Diago, représentant du roi du Portugal, auprès du duc;Aucune mention;1 robe en drap de Damas fourrée de 300 martres;;194 fr. monn. royal;14 octobre 1412 (quittance);ADCO, B 1571, f° 135 v°
35;Jean sans Peur;;527;Dreue d'Asnieres;Ecuyer de feu le duc d'Orléans;Aucune mention particulière;Aucune mention;1 chambre de tapisserie blanche;;112 fr. monn. royal;2 March 1408;ADCO, B 1547, f° 140 r°
36;Jean sans Peur;;5617;Edmond Mortemer ou Mortimer;Seigneur de Mortemer ou Mortimer, ambassadeur du roi d'Angleterre;Lors d'une ambassade auprès du duc à Ypres;Ypres;7 velours cramoisis vermeils figurés de feuillage quatre parties de deux vers et de fleurettes blanches brochées de grandes ficelles d'or (A) + 2 pièces et 5 aunes de drap de Damas cramoisi vermeil (B) + 1 couple contenant 2 pièces et 6 aunes et demie de drap de Damas vermeil teint en graine cramoisie (C);;84 l. de 30 gros nouvelle monn. de Flandre la livre/p. (A) + 36 l. de 30 gros nouvelle monn. de Flandre la livre/p. (B) + 34 l. de 30 gros nouvelle monn. de Flandre la livre/p. (C);6 August 1414;ADN, B 1903, f° 123 v°
37;Jean sans Peur;;719;Elyon de Jacqueville;Chevalier, conseiller et chambellan du duc;Pour faire une houppelande;Aucune mention;2 pièces de satin noir figuré;;112 fr. demi monn. royal;20 June 1413;ADCO, B 1572, f° 48 r°
38;Jean sans Peur;;223;Enguerrand Cadot;Fauconnier du duc;Aucune mention particulière;Aucune mention;1 robe;;Aucune mention;2 April 1407;ADCO, B 1547, f° 135 r°
39;Jean sans Peur;;223;Enguerrand Cadot;Fauconnier du duc;Aucune mention particulière;Aucune mention;1 robe en laine;;Aucune mention;2 November 1407;ADCO, B 1554, f° 135 r°
40;Jean sans Peur;;2231;Francois Martin;Demeurant à Paris;Aucune mention particulière;;1 chambre de tapiserie d'Arras armoriée de celles du duc de Bourgogne;;Aucune mention;25 August 1406;DE LABORDE, Les ducs de Bourgogne, étude sur les lettres, les arts et l'industrie pendant le XVe siècle, t. I, 1851, n° 88a, p. 22
41;Jean sans Peur;;201;Geoffroy Maupoivre;Physicien du duc;Aucune mention particulière;Aucune mention;1 robe;;12 fr. monn. royal;7 September 1407;ADCO, B 1547, f° 128 v°
42;Jean sans Peur;;282;Gillot du Molin;Valet de chambre du duc;Aucune mention particulière;Paris;1 drap;;12 fr. monn. royal;10 May 1407;ADCO, B 1554, f° 129 r°
43;Jean sans Peur;;282;Gillot du Molin;Valet de chambre du duc;Aucune mention particulière;Aucune mention;Des draps;;12 fr. monn. royal;18 November 1407;ADCO, B 1547, f° 129 r°
44;Jean sans Peur;;374;Girard de Bourbon;Chevalier, conseiller et chambellan du duc;Pour faire une houppelande pour les noces de Jean de Bourbon, fils de Girart de Bourbon;Aucune mention;22 aunes;;72 fr. 19 s. 4 d. t. monn. royal;7 March 1411;ADCO, B 1562, f° 55 v°
45;Jean sans Peur;;205;Guillaume Bonnier;Bailli de Hesdin et conseiller du duc;Pour ses étrennes;Aucune mention;Un drap de laine écarlate d'Ypres;;Aucune mention;1 January 1408;ADCO, B 1554, f° 135 r°
46;Jean sans Peur;;205;Guillaume Bonnier;Chevalier, conseilller, chambellan et gouverneur d'Arras;Pour faire une robe;Aucune mention;2 pièces et demie de velours figuré sur satin noir;;110 écus monn. royal;26 May 1411;ADCO, B 1570, f° 226 v°
47;Jean sans Peur;;205;Guillaume Bonnier;Seigneur de Bonnières, conseiller et chambellan du duc;Aucune mention particulière;Gand;2 fluyaux (?) noirs;;60 l. de 30 gros nouvelle monn. de Flandre la livre;1 October 1414;ADN, B 1903, f° 124 v°
48;Jean sans Peur;;1692;Guillaume de Boisratier;Ambassadeur du Dauphin et du duc de Berry;Lors d'une ambassade devant le duc de Bourgogne;Arras;Des draps de laine écarlate vermeille;;6 écus/p.;14 February 1408;ADCO, B 1554, f° 131 r°
49;Jean sans Peur;;1692;Guillaume de Boisratier;Ambassadeur du Dauphin et du duc de Berry;Lors d'une ambassade auprès du duc à Lille au nom du Dauphin Louis et du duc de Berry;Arras;Des tissus d'écarlate vermeille (partagés);;155 écus d'or;14 February 1408;ADCO, B 1547, f° 131 r°
50;Jean sans Peur;;67;Guillaume de Bours, dit Wittard;Chevalier;Aucune mention particulière;Aucune mention;1 houppelande en satin vermeil de Neuchâtel;;24 s./aune;23 June 1409;ADCO, B 1558, f° 129 v°
51;Jean sans Peur;;67;Guillaume de Bours, dit Wittard;Chambellan du duc;Aucune mention particulière;Paris;1 robe en drap d'Ypres noir;;;25 November 1410;ADCO, B 1560, f° 164 v°
52;Jean sans Peur;;63;Guillaume de Champdivers;;"""Pour aller en Behaigne ou mon dit seigneur les envoyoit lors pour le mariage de monseigneur le duc de Brabant""";Aucune mention;1 pièce de baudequins de plusieurs couleurs;;15 fr. monn. royal/p.;4 August 1408;ADCO, B 1556, f° 96 r° et 96 v°
53;Jean sans Peur;;63;Guillaume de Champdivers;Seigneur de Champdivers, conseiller du duc;Aucune mention particulière;Aucune mention;1 robe de gris de Rouen;;Aucune mention;1416;DE LABORDE, Les ducs de Bourgogne, étude sur les lettres, les arts et l'industrie pendant le XVe siècle, t. I, 1851, n° 420, p. 138
54;Jean sans Peur;;215;Guillaume de Neuville, dit Le Moine de Neuville;Ecuyer tranchant du duc;Aucune mention particulière;Ypres;1 drap de Damas teint en graine;;36 écus de 43 gros vieille monn. de Flandre l'écu;3 August 1414;ADN, B 1903, f° 123 r° et 123 v°
55;Jean sans Peur;;195;Guillaume II de Gamaches;Seigneur de Gamaches;"""Pour aller en Behaigne ou mon dit seigneur les envoyoit lors pour le mariage de monseigneur le duc de Brabant""";Aucune mention;1 pièce de baudequins de plusieurs couleurs;;15 fr. monn. royal/p.;4 August 1408;ADCO, B 1556, f° 96 r° et 96 v°
56;Jean sans Peur;;225;Guillaume IV de Vienne;Seigneur de Saint-Georges et de Sainte-Croix, chevalier du duc;Aucune mention particulière;Aucune mention;1 houppelande en satin vermeil de Neuchâtel;;24 s./aune;23 June 1409;ADCO, B 1558, f° 129 v°
57;Jean sans Peur;;996;Guillaume Le Martin;Tailleur et valet de chambre du duc;Aucune mention particulière;Paris;1 drap;;12 fr. monn. royal;10 May 1407;ADCO, B 1554, f° 129 r°
58;Jean sans Peur;;996;Guillaume Le Martin;Tailleur et valet de chambre du duc;Aucune mention particulière;Aucune mention;Des draps;;12 fr. monn. royal;18 November 1407;ADCO, B 1547, f° 129 r°
59;Jean sans Peur;;161;Guillaume Sanguin;Echanson du duc;"""Donnez de sa grace especiale""";Paris;2 draps de soie;;100 fr. monn. royal;13 December 1409;ADCO, B 1558, f° 129 r° et 129 v°
60;Jean sans Peur;;51;Guillaume Viguier;Secrétaire du duc;Pour faire un pourpoint;Aucune mention;1 pièce de satin noir ;;22 fr. monn. royal;30 December 1408;ADCO, B 1556, f° 94 v°
61;Jean sans Peur;;883;Hayne Darbo (?);;"""Pour aller en Behaigne ou mon dit seigneur les envoyoit lors pour le mariage de monseigneur le duc de Brabant""";Aucune mention;1 pièce de baudequins de plusieurs couleurs;;15 fr. monn. royal/p.;4 August 1408;ADCO, B 1556, f° 96 r° et 96 v°
62;Jean sans Peur;;802;Hennequin de Beauvais;Fauconnier du duc;Aucune mention particulière;Aucune mention;1 robe;;Aucune mention;2 April 1407;ADCO, B 1547, f° 135 r°
63;Jean sans Peur;;802;Hennequin de Beauvais;Fauconnier du duc;Aucune mention particulière;Aucune mention;1 robe en laine;;Aucune mention;2 November 1407;ADCO, B 1554, f° 135 r°
64;Jean sans Peur;;372;Hennequin de Warat;Valet de pied du duc;"""Pour faire une robe""";Paris;1 houppelande doublée de blanc;;1 fr. monn. royal;15 November 1410;ADCO, B 1560, f° 156 v°
65;Jean sans Peur;;372;Hennequin de Warat;;Aucune mention particulière;Paris;1 houppelande de Neuchâtel à mi-jambe;;;16 January 1411;ADCO, B 1560, f° 157 r°
66;Jean sans Peur;;122;Henri Laleure;Valet de chambre de la duchesse de Guyenne;Aucune mention particulière;Paris;1 robe de drap noir;;18 s./p.;1 October 1405;ADCO, B 1543, f° 146 v°
67;Jean sans Peur;Jean de Sacquespee;2258;Henry Chichele;Evêque de Saint-David, conseiller et ambassadeur du roi d'Angleterre;"""Envoiez de par lui devers mon dit seigneur en sa dicte ville Darras""";Arras;2 tables d'autel;;240 l. de 30 gros nouvelle monn. de Flandre;16 October 1411;ADCO, B 1570, f° 219 r°
68;Jean sans Peur;Jean de Sacquespee;2258;Henry Chichele;Evêque de Saint-David, conseiller et ambassadeur du roi d'Angleterre;"""Envoiez de par lui devers mon dit seigneur en sa dicte ville Darras""";Arras;1 tapis contenant 149 aunes;;104 l. 6 s. de 30 gros nouvelle monn. de Flandre;16 October 1411;ADCO, B 1570, f° 219 r°
69;Jean sans Peur;;459;Huguenin Bertaut;Clerc de la chapelle de la duchesse de Guyenne;Aucune mention particulière;Paris;1 robe verte;;4 fr. 7 s. 5 d. t. ;12 December 1405;ADCO, B 1543, f° 146 v°
70;Jean sans Peur;;459;Huguenin Bertaut;Clerc de la chapelle de la duchesse de Guyenne;Aucune mention particulière;Aucune mention;4 aunes de drap;;24 s./aune;21 December 1406;ADCO, B 1547, f° 101 r°
71;Jean sans Peur;;239;Huguenin de Nanton;;"""Pour aller en Behaigne ou mon dit seigneur les envoyoit lors pour le mariage de monseigneur le duc de Brabant""";Aucune mention;1 pièce de baudequins de plusieurs couleurs;;15 fr. monn. royal/p.;4 August 1408;ADCO, B 1556, f° 96 r° et 96 v°
72;Jean sans Peur;;882;Huguenin du Bois;;"""Pour aller en Behaigne ou mon dit seigneur les envoyoit lors pour le mariage de monseigneur le duc de Brabant""";Aucune mention;1 pièce de baudequins de plusieurs couleurs;;15 fr. monn. royal/p.;4 August 1408;ADCO, B 1556, f° 96 r° et 96 v°
73;Jean sans Peur;;504;Hugues de Lannoy;;Aucune mention particulière;Aucune mention;1 robe + 1 chaperon;;Aucune mention;3 May 1407;ADCO, B 1547, f° 128 r°
74;Jean sans Peur;;504;Hugues de Lannoy;Chambellan du duc;Aucune mention particulière;Paris;1 robe en drap d'Ypres noir;;;25 November 1410;ADCO, B 1560, f° 164 v°
75;Jean sans Peur;;1396;Hugues de Sailly;Ecuye et échanson du duc;"""Pour ses nopces""";Ypres;1 robe de drap de Damas noir fourrée de martres;;210 l. t. monn. royal;4 July 1417;ADN, B 4090, f° 135 v°
76;Jean sans Peur;Jean de Sacquespee;2256;Humphrey de Lancastre;Comte de Pembroke, conseiller et ambassadeur du roi d'Angleterre;"""Envoiez de par lui devers mon dit seigneur en sa dicte ville Darras""";Arras;1 tapis d'or;;90 l. de 30 gros nouvelle monn. de Flandre;15 October 1411;ADCO, B 1570, f° 218 v°
77;Jean sans Peur;Jean de Sacquespee;2256;Humphrey de Lancastre;Comte de Pembroke, conseiller et ambassadeur du roi d'Angleterre;"""Envoiez de par lui devers mon dit seigneur en sa dicte ville Darras""";Arras;1 tapis contenant 94 aunes ;;201 l. 12 s. de 30 gros nouvelle monn. de Flandre;16 October 1411;ADCO, B 1570, f° 218 v°
78;Jean sans Peur;Jean de Sacquespee;2256;Humphrey de Lancastre;Comte de Pembroke, conseiller et ambassadeur du roi d'Angleterre;"""Envoiez de par lui devers mon dit seigneur en sa dicte ville Darras""";Arras;1 tapis contenant 70 aunes avec plusieurs images de belles filles;;98 l. de 30 gros nouvelle monn. de Flandre;16 October 1411;ADCO, B 1570, f° 218 v° et 219 r°
79;Jean sans Peur;;2256;Humphrey de Lancastre;Duc de Gloucester et cousin du duc;Présence du duc à Calais;Aucune mention;1 drap cramoisi broché d'or;;Aucune mention;20 octobre 1416 (mandement);DE LABORDE, Les ducs de Bourgogne, étude sur les lettres, les arts et l'industrie pendant le XVe siècle, t. I, 1851, n° 411, p. 135
80;Jean sans Peur;;2228;Isabeau de Semur;Damoiselle de la duchesse;Pour faire une robe;Compiègne;5 aunes de soie d'Ypres;;15 s./aune;24 June 1406;ADCO, B 1543, f° 149 r°
81;Jean sans Peur;;204;Jacques de Courtiambles;;Aucune mention particulière;Aucune mention;1 robe + 1 chaperon;;Aucune mention;26 May 1407;ADCO, B 1547, f° 128 v°
82;Jean sans Peur;;204;Jacques de Courtiambles;;Aucune mention particulière;Aucune mention;1 tabard en drap bleu;;Aucune mention;14 August 1407;ADCO, B 1556, f° 98 v°
83;Jean sans Peur;;204;Jacques de Courtiambles;;Aucune mention particulière;Paris;1 houppelande fourrée;;Aucune mention;7 September 1407;ADCO, B 1547, f° 131 v°
84;Jean sans Peur;;204;Jacques de Courtiambles;;Aucune mention particulière;Paris;1 houppelande grise fourrée;;42 fr. monn. royal;26 April 1408;ADCO, B 1554, f° 131 v°
85;Jean sans Peur;;204;Jacques de Courtiambles;;Aucune mention particulière;Paris;1 robe;;Aucune mention;2 May 1408;ADCO, B 1547, f° 126 v°
86;Jean sans Peur;;204;Jacques de Courtiambles;;Aucune mention particulière;Paris;1 robe en laine grise de Montivilliers;;Aucune mention;31 May 1408;ADCO, B 1554, f° 126 v°
87;Jean sans Peur;;204;Jacques de Courtiambles;Chevalier ;Aucune mention particulière;Aucune mention;1 houppelande en satin vermeil de Neuchâtel;;24 s./aune;23 June 1409;ADCO, B 1558, f° 129 v°
88;Jean sans Peur;;204;Jacques de Courtiambles;Chevalier ;Aucune mention particulière;Aucune mention;1 chaperon sangle en satin écarlate;;3 fr. monn. royal;23 June 1409;ADCO, B 1558, f° 130 r°
89;Jean sans Peur;;204;Jacques de Courtiambles;Conseiller et chambellan du duc;Aucune mention particulière;Paris;1 manteau avec un fermail d'or garni de cinq grosses perles, un rubis au milieu et un diamant plat dessus;;;18 October 1410;ADCO, B 1560, f° 162 r°
90;Jean sans Peur;;444;Jacques de Longroy;Seigneur de Longroy;Aucune mention particulière;Paris;1 chaperon blanc;;Aucune mention;3 May 1407;ADCO, B 1554, f° 128 r°
91;Jean sans Peur;;2162;Jacques de Villers;Maître fauconnier du duc;Aucune mention particulière;Aucune mention;1 robe;;Aucune mention;2 April 1407;ADCO, B 1547, f° 135 r°
92;Jean sans Peur;;2162;Jacques de Villers;Maître fauconnier du duc;Aucune mention particulière;Aucune mention;1 robe en laine;;Aucune mention;2 November 1407;ADCO, B 1554, f° 135 r°
93;Jean sans Peur;;2160;Jacques du Bois;;"""Pour aller en Behaigne ou mon dit seigneur les envoyoit lors pour le mariage de monseigneur le duc de Brabant""";Aucune mention;1 pièce de baudequins de plusieurs couleurs;;15 fr. monn. royal/p.;4 August 1408;ADCO, B 1556, f° 96 r° et 96 v°
94;Jean sans Peur;;2251;Jacques II de Bourbon;Comte de La Marche;Le don est fait par le duc de Bourgogne et le roi de Navarre, chacun payant la moitié;Paris;1 drap de tissu à or;;113 fr. monn. royal;20 November 1409;ADCO, B 1558, f° 136 v° et 137 r°
95;Jean sans Peur;;422;Jacques III de Heilly;;Aucune mention particulière;Aucune mention;1 tabard en drap bleu;;Aucune mention;14 August 1407;ADCO, B 1556, f° 98 v°
96;Jean sans Peur;;422;Jacques III de Heilly;Seigneur de Heilly;Aucune mention particulière;Aucune mention;Des pannes à grandes bombardes en satin et drap de Damas;;Aucune mention;16 May 1408;ADCO, B 1556, f° 102 r°
97;Jean sans Peur;;422;Jacques III de Heilly;Conseiller et chambellan du duc;Aucune mention particulière;Paris;1 robe en satin de soie figuré;;450 fr. (l'ensemble);23 August 1410;ADCO, B 1560, f° 160 v°
98;Jean sans Peur;;422;Jacques III de Heilly;Seigneur de Heilly, chambellan du duc;Aucune mention particulière;Paris;1 robe en drap d'Ypres noir;;;25 November 1410;ADCO, B 1560, f° 164 v°
99;Jean sans Peur;;2230;Jacquette de Blaisy;Epouse de Jacques de Courtiambles, chevalier, conseiller et chambellan du duc;"""Pour lui faire une robe""";Paris;2 pièces et demie de satin renforcé;;160 fr. 12 s. 6 d. t. monn. royal;24 August 1406;ADCO, B 1543, f° 151 v°
100;Jean sans Peur;;2227;Jacquette de Le Zippe;Damoiselle de la duchesse;Pour faire une robe;Compiègne;5 aunes de soie d'Ypres;;15 s./aune;24 June 1406;ADCO, B 1543, f° 149 r°
101;Jean sans Peur;;939;Jacquette d'Orges;Damoiselle de la duchesse;Pour faire une robe;Compiègne;5 aunes de soie d'Ypres;;15 s./aune;24 June 1406;ADCO, B 1543, f° 149 r°
102;Jean sans Peur;;2246;Jean Bay/Vay (?);Chevalier;"""Pour lui faire une robe pareille aux autres de sa livree""";Aucune mention;4 aunes demie de vermeil;;5 fr. 4 s. p. ;28 February 1409;ADCO, B 1556, f° 97 r° et 97 v°
103;Jean sans Peur;;2241;Jean Burde/Jean Vrude (?);;"""Pour aller en Behaigne ou mon dit seigneur les envoyoit lors pour le mariage de monseigneur le duc de Brabant""";Aucune mention;1 pièce de baudequins de plusieurs couleurs;;15 fr. monn. royal/p.;4 August 1408;ADCO, B 1556, f° 96 r° et 96 v°
104;Jean sans Peur;Jean de Sacquespee;2257;Jean Cadric (?);Conseiller et ambassadeur du roi d'Angleterre;"""Envoiez de par lui devers mon dit seigneur en sa dicte ville Darras""";Arras;1 tapis contenant 96 aunes;;115 l. 4 s. de 30 gros nouvelle monn. de Flandre;16 October 1411;ADCO, B 1570, f° 219 r°
105;Jean sans Peur;Barthelemy Betin;2255;Jean Carmier (?);Ancien écuyer et chambellan du duc;"""Que lors il envoya en Angleterre pour embassade et pour ses paines et travaulx""";Paris;400 martres (A) + 4 pièces de draps de Damas (B);;143 écus (A) + 132 écus (B);October 1411;ADCO, B 1576, f° 176 r° et 176 v°
106;Jean sans Peur;;61;Jean Chasserat;Chevaucheur du duc;Aucune mention particulière;Paris;1 houppelande de Neuchâtel à mi-jambe valant 1 fr.;;1 fr. monn. royal;15 November 1410;ADCO, B 1560, f° 156 v°
107;Jean sans Peur;;2261;Jean de Bourbon;Duc de Bourbon;Aucune mention particulière;Aucune mention;1 houppelande à mi-jambe en velours noir figuré et broché d'or valant 820 fr. (les trois);;820 fr. monn. royal (les trois);30 September 1412;ADCO, B 1571, f° 134 v° et 135 r°
108;Jean sans Peur;;2261;Jean de Bourbon;Duc de Bourbon;Pour fourrer une houppelande;Aucune mention;Des martres;;606 fr. 5 s. t. monn. royal;22 November 1412;ADCO, B 1572, f° 49 v°
109;Jean sans Peur;;2260;Jean de Bussy;Fol du duc;Pour avoir une robe;Aucune mention;4 aunes de drap vert brun;;6 fr. monn. royal;8 May 1412;ADCO, B 1571, f° 138 v° et 139 r°
110;Jean sans Peur;;2260;Jean de Bussy;Fol du duc;Pour doubler ladite robe;Aucune mention;4 aunes de drap vert brun;;6 fr. monn. royal;8 May 1412;ADCO, B 1571, f° 138 v° et 139 r°
111;Jean sans Peur;;293;Jean de Chevenon;Ecuyer, conseiller et chambellan du duc;Aucune mention particulière;Paris;1 robe en laine grise;;Aucune mention;10 May 1407;ADCO, B 1554, f° 128 r°
112;Jean sans Peur;;504;Jean de Chissey;Veneur du duc;Aucune mention particulière;Paris;1 houppelande de Neuchâtel à mi-jambe doublée de blanc;;;4 December 1410;ADCO, B 1560, f° 157 r°
113;Jean sans Peur;;2239;Jean de Cottebrune;;"""Pour aller en Behaigne ou mon dit seigneur les envoyoit lors pour le mariage de monseigneur le duc de Brabant""";Aucune mention;1 pièce de baudequins de plusieurs couleurs;;15 fr. monn. royal/p.;4 August 1408;ADCO, B 1556, f° 96 r° et 96 v°
114;Jean sans Peur;;2254;Jean de Craon;Seigneur de La Suze, chevalier, conseiller et chambellan du duc de Bretagne;"""Pour pluseurs services quil avoit faiz a mon dit seigneur""";Aucune mention;1 chambre faite de tapisseries;;236 fr. 5 s. t. monn. royal;1 August 1411;ADCO, B 1570, f° 221 v°
115;Jean sans Peur;;693;Jean de Jeumont-Barbancon;Chevalier et chambellan du duc;Aucune mention particulière;Aucune mention;7 aunes de brun vert;;14 fr. monn. royal;10 August 1408;ADCO, B 1556, f° 97 r°
116;Jean sans Peur;;127;Jean de Kernezem;Ecuyer d'écurie du duc;Aucune mention particulière;Paris;300 martres;;120 écus;2 July 1409;ADCO, B 1560, f° 155 v°
117;Jean sans Peur;;286;Jean de La Tremoille;;"""Pour aller en Behaigne ou mon dit seigneur les envoyoit lors pour le mariage de monseigneur le duc de Brabant""";Aucune mention;1 pièce de baudequins de plusieurs couleurs;;15 fr. monn. royal/p.;4 August 1408;ADCO, B 1556, f° 96 r° et 96 v°
118;Jean sans Peur;;286;Jean de La Tremoille;Conseiller et chambellan du duc;Aucune mention particulière;Paris;1 robe en satin de soie figuré;;450 fr. (l'ensemble);23 August 1410;ADCO, B 1560, f° 160 v°
119;Jean sans Peur;;635;Jean de La Viefville, dit Gauvain de La Viefville;Seigneur de La Viefville, conseiller et chambellan du duc;Aucune mention particulière;Paris;1 manteau avec un fermail d'or garni de cinq grosses perles, un rubis au milieu et un diamant plat dessus;;;18 October 1410;ADCO, B 1560, f° 162 r°
120;Jean sans Peur;;54;Jean de Lachenel, dit Boulogne;Valet de chambre du duc;Aucune mention particulière;Paris;1 drap;;12 fr. monn. royal;10 May 1407;ADCO, B 1554, f° 129 r°
121;Jean sans Peur;;54;Jean de Lachenel, dit Boulogne;Valet de chambre du duc;Aucune mention particulière;Aucune mention;Des draps;;12 fr. monn. royal;18 November 1407;ADCO, B 1547, f° 129 r°
122;Jean sans Peur;;2271;Jean de Lancastre;Comte de Bedford;Aucune mention particulière;Aucune mention;1 drap de velours sur velours noir broché d'or;;Aucune mention;1416;DE LABORDE, Les ducs de Bourgogne, étude sur les lettres, les arts et l'industrie pendant le XVe siècle, t. I, 1851, n° 408, p. 133
123;Jean sans Peur;;1189;Jean de Laumosne;Valet de chambre du duc;Aucune mention particulière;Aucune mention;Des draps;;12 fr. monn. royal;18 November 1407;ADCO, B 1547, f° 129 r°
124;Jean sans Peur;;2253;Jean de Luxembourg, dit Le bâtard de Saint-Pol;Bâtard de Ligny, chevaucheur du duc;Aucune mention particulière;Paris;1 houppelande de Neuchâtel à mi-jambe valant 1 fr.;;1 fr. monn. royal;15 November 1410;ADCO, B 1560, f° 156 v°
125;Jean sans Peur;;2253;Jean de Luxembourg, dit Le bâtard de Saint-Pol;;Aucune mention particulière;Gand;1 satin figuré contenant 2 pièces et demie de vert blanc cramoisi et noire;;100 l. de 30 gros nouvelle monn. de Flandre la livre/p.;1 October 1414;ADN, B 1903, f° 124 r° et 124 v°
126;Jean sans Peur;;2253;Jean de Luxembourg, dit Le bâtard de Saint-Pol;Bâtard de Saint-Pol;Aucune mention particulière;Aucune mention;1 houppelande en penne noire de Lombardie;;Aucune mention;31 October 1418;ADCO, B 1601, f° 92 v°
127;Jean sans Peur;;731;Jean de Nielles;Conseiller du duc;Pour ses étrennes;Aucune mention;Un drap de laine écarlate d'Ypres;;Aucune mention;1 January 1408;ADCO, B 1554, f° 135 r°
128;Jean sans Peur;;203;Jean de Noident;Receveur du duc;Aucune mention particulière;Paris;1 pièce de drap de Damas;;33 fr. 15 s. t. monn. royal/p.;7 November 1410;ADCO, B 1560, f° 161 v°
129;Jean sans Peur;;649;Jean de Vaugy;Valet de fourrière du duc;Aucune mention particulière;Aucune mention;Des draps;;4 fr. monn. royal;7 September 1407;ADCO, B 1547, f° 128 v°
130;Jean sans Peur;;276;Jean de Velery;Maître de la chambre aux deniers du duc;Aucune mention particulière;Paris;1 pièce de drap de Damas;;33 fr. 15 s. t. monn. royal/p.;7 November 1410;ADCO, B 1560, f° 161 v°
131;Jean sans Peur;;388;Jean d'Occors, dit Ocorsquin;Chambellan du duc;Aucune mention particulière;Paris;1 robe en drap d'Ypres noir;;;25 November 1410;ADCO, B 1560, f° 164 v°
132;Jean sans Peur;;189;Jean d'Ormoy;Ecuyer d'écurie du duc;Aucune mention particulière;Ypres;1 drap de Damas teint en graine;;36 écus de 43 gros vieille monn. de Flandre l'écu;3 August 1414;ADN, B 1903, f° 123 r° et 123 v°
133;Jean sans Peur;;148;Jean du Moustier;Valet de chambre du duc;Aucune mention particulière;Paris;1 drap;;12 fr. monn. royal;10 May 1407;ADCO, B 1554, f° 129 r°
134;Jean sans Peur;;148;Jean du Moustier;Valet de chambre du duc;Aucune mention particulière;Aucune mention;Des draps;;12 fr. monn. royal;18 November 1407;ADCO, B 1547, f° 129 r°
135;Jean sans Peur;;2222;Jean Duisy (?);Chevalier;"""Pour un faulcon perdu en la conte Destampes qui est a mon dit seigneur lequel il luy apporta""";Paris;1 pièce de satin noir;;14 fr. monn. royal;4 May 1406;ADCO, B 1543, f° 139 v°
136;Jean sans Peur;;413;Jean Martin;Valet de chambre du duc;Aucune mention particulière;Paris;1 drap;;12 fr. monn. royal;10 May 1407;ADCO, B 1554, f° 129 r°
137;Jean sans Peur;;413;Jean Martin;Valet de chambre du duc;Aucune mention particulière;Aucune mention;Des draps;;12 fr. monn. royal;18 November 1407;ADCO, B 1547, f° 129 r°
138;Jean sans Peur;;484;Jean Oudart;Chambellan du duc;Aucune mention particulière;Paris;1 robe en drap d'Ypres noir;;;25 November 1410;ADCO, B 1560, f° 164 v°
139;Jean sans Peur;;15;Jean Pioche;Chevalier;Aucune mention particulière;Paris;5 aulnes de vert noir;;10 fr. monn. royal;25 September 1405;ADCO, B 1543, f° 146 r°
140;Jean sans Peur;;2235;Jean Raoul, dit Le Lorrain;Fauconnier du duc;Aucune mention particulière;Aucune mention;1 robe;;Aucune mention;2 April 1407;ADCO, B 1547, f° 135 r°
141;Jean sans Peur;;2235;Jean Raoul, dit Le Lorrain;Fauconnier du duc;Aucune mention particulière;Aucune mention;1 robe en laine;;Aucune mention;2 November 1407;ADCO, B 1554, f° 135 r°
142;Jean sans Peur;;2219;Jean Sache Dordogne;Ecuyer du roi d'Espagne;"""Qui lui avoit donne aux estraines du jour de lan une arbaleste""";Paris;1 satin renforcé;;20 écus d'or;27 January 1406;ADCO, B 1543, f° 140 v°
143;Jean sans Peur;;362;Jean V de Roubaix;Seigneur de Roubaix;Aucune mention particulière;Aucune mention;Des pannes à grandes bombardes en satin et drap de Damas;;Aucune mention;16 May 1408;ADCO, B 1556, f° 102 r°
144;Jean sans Peur;;362;Jean V de Roubaix;Seigneur de Roubaix, chambellan du duc;Aucune mention particulière;Paris;1 robe en drap d'Ypres noir;;;25 November 1410;ADCO, B 1560, f° 164 v°
145;Jean sans Peur;;362;Jean V de Roubaix;Seigneur de Roubaix;Aucune mention particulière;Gand;2 draps de Damas noirs;;40 l. de 30 gros nouvelle monn. de Flandre la livre;1 October 1414;ADN, B 1903, f° 123 v° et 124 r°
146;Jean sans Peur;;319;Jean VI de Ghistelles;Chambellan du duc;Aucune mention particulière;Paris;1 robe en drap d'Ypres noir;;;25 November 1410;ADCO, B 1560, f° 164 v°
147;Jean sans Peur;;931;Jeanne de Bretigny;Damoiselle de la duchesse;Aucune mention particulière;Compiègne;4 aune de brun vert;;28 s./aune;24 June 1406;ADCO, B 1543, f° 149 r°
148;Jean sans Peur;;5561;Jeanne de La Marche;Berceresse et nourrice d'Isabelle de Bourgogne, fille du duc;Aucune mention particulière;Compiègne;4 aune de brun vert;;28 s./aune;24 June 1406;ADCO, B 1543, f° 149 r°
149;Jean sans Peur;;385;Jeanne de Poissy;Damoiselle de la duchesse;Pour faire une robe;Compiègne;5 aunes de soie d'Ypres;;15 s./aune;24 June 1406;ADCO, B 1543, f° 149 r°
150;Jean sans Peur;;2229;Jeanne d'Igny;Garde des joyaux du duc;Aucune mention particulière;Paris;4 aunes de fin vert brun;;4 fr. monn. royal/aune;3 January 1406;ADCO, B 1543, f° 152 r°
151;Jean sans Peur;;2229;Jeanne d'Igny;Epouse de Philippe Musnier, dit Jossequin;Pour faire une robe;Compiègne;3 aunes de gris;;20 s./aune;24 June 1406;ADCO, B 1543, f° 149 r°
152;Jean sans Peur;;2229;Jeanne d'Igny;Femme de Philippe Musnier, dit Jossequin;Aucune mention particulière;Paris;3 aunes et demie de satin de Bruxelles;;3 fr. demi monn. royal/aune;26 April 1410;ADCO, B 1560, f° 150 v°
153;Jean sans Peur;;2229;Jeanne d'Igny;Femme de Philippe Musnier, dit Jossequin, garde des joyaux du duc;Pour fourrer une robe;Aucune mention;1200 menus-vairs;;44 fr. monn. royal;21 July 1412;ADCO, B 1571, f° 140 r° et 140 v°
154;Jean sans Peur;;2259;Jeanne d'Igny;Femme de Philippe Musnier, dit Jossequin, garde des joyaux du duc;Aucune mention particulière;Aucune mention;De la matière pour fourrer une houppelande;;75 fr. monn. royal;14 March 1412;ADCO, B 1571, f° 140 r°
155;Jean sans Peur;;2267;Jeanne d'Orléans;Duchesse d'Alençon;"""Pour faire robes pour elle et pour ses enffants""";Bruges;18 aunes de brunette;;18 fr. 4 gros ;26 November 1413;ADCO, B 1576, 179 r° et 179 v°
156;Jean sans Peur;;539;Jeannette Duenne;Nourrice de Jeanne de Bourgogne, fille du duc;Aucune mention particulière;Compiègne;4 aune de brun vert;;28 s./aune;24 June 1406;ADCO, B 1543, f° 149 r°
157;Jean sans Peur;;273;Jocerand Frepier;Trésorier du duc;Aucune mention particulière;Paris;1 manteau avec un fermail d'or garni de cinq grosses perles, un rubis au milieu et un diamant plat dessus;;;18 October 1410;ADCO, B 1560, f° 162 r°
158;Jean sans Peur;;273;Jocerand Frepier;Trésorier du duc;Aucune mention particulière;Paris;1 pièce de drap de Damas;;33 fr. 15 s. t. monn. royal/p.;7 November 1410;ADCO, B 1560, f° 161 v°
159;Jean sans Peur;;1236;Josip;Ambassadeur de Turquie;Pour faire une houppelande et un chapperon à la façon de France;Aucune mention;13 aunes de satin écarlate;;30 fr. 7 s. 6 d. t. monn. royal;7 March 1411;ADCO, B 1562, f° 56 r°
160;Jean sans Peur;;1236;Josip;Ambassadeur de Turquie;Pour faire une houppelande et un chapperon à la façon de France;Aucune mention;7 aunes de fin drap bleu appelé célestin à la manière de Bruges;;7 fr. 17 s. 6 d. t. monn. royal;7 March 1411;ADCO, B 1562, f° 56 r°
161;Jean sans Peur;;1236;Josip;Ambassadeur de Turquie;Pour fourrer une houppelande longue d'écarlate vermeille à la façon de France;Lille;800 menus-vairs;;40 fr. monn. royal;7 March 1411;ADCO, B 1562, f° 58 r°
162;Jean sans Peur;;1236;Josip;Ambassadeur de Turquie;Pour fourrer une houppelande à la façon de Turquie;Lille;600 menus-vairs;;20 fr. 5 s. t. monn. royal;7 March 1411;ADCO, B 1562, f° 58 r°
163;Jean sans Peur;;2232;La Dame de Rochefort;;"""En recompensacion dun collier dor quil ot delle"". La source mentionne la date du 8 juillet 1406 pour l'achat.";Saint-Omer;400 martres ;;150 fr. monn. royal;5 November 1406;ADCO, B 1543, f° 152 r°
164;Jean sans Peur;;2266;La femme d'Alexandre Le Boursier;Conseiller du duc;Aucune mention particulière;Aucune mention;1 houppelande de fin vert brun;;Aucune mention;17 May 1413;ADCO, B 1601, f° 98 r°
165;Jean sans Peur;;2266;La femme d'Alexandre Le Boursier;Conseiller du duc;Aucune mention particulière;Aucune mention;2000 menus-vairs (partagés);;Aucune mention;17 May 1413;ADCO, B 1601, f° 98 v°
166;Jean sans Peur;;900;Laurent Buisson;Artilleur du duc;Aucune mention particulière;Paris;1 houppelande de Neuchâtel à mi-jambe doublée de blanc;;;4 December 1410;ADCO, B 1560, f° 157 r°
167;Jean sans Peur;;232;Le Dauphin de Seris;;"""Pour aller en Behaigne ou mon dit seigneur les envoyoit lors pour le mariage de monseigneur le duc de Brabant""";Aucune mention;1 pièce de baudequins de plusieurs couleurs;;15 fr. monn. royal/p.;4 August 1408;ADCO, B 1556, f° 96 r° et 96 v°
168;Jean sans Peur;;2270;Le seigneur de Berghemeny (?);;Aucune mention particulière;Aucune mention;1 satin figuré de noir et de vert, broché d'or;;Aucune mention;1416;DE LABORDE, Les ducs de Bourgogne, étude sur les lettres, les arts et l'industrie pendant le XVe siècle, t. I, 1851, n° 408, p. 133
169;Jean sans Peur;;5620;Le seigneur de Chancier;Ambassadeur du roi d'Angleterre;Lors d'une ambassade auprès du duc à Ypres;Ypres;7 velours cramoisis vermeils figurés de feuillage quatre parties de deux vers et de fleurettes blanches brochées de grandes ficelles d'or (A) + 2 pièces et 5 aunes de drap de Damas cramoisi vermeil (B) + 1 couple contenant 2 pièces et 6 aunes et demie de drap de Damas vermeil teint en graine cramoisie (C);;84 l. de 30 gros nouvelle monn. de Flandre la livre/p. (A) + 36 l. de 30 gros nouvelle monn. de Flandre la livre/p. (B) + 34 l. de 30 gros nouvelle monn. de Flandre la livre/p. (C);6 August 1414;ADN, B 1903, f° 123 v°
170;Jean sans Peur;;5616;Le seigneur de Serop (?);Ambassadeur du roi d'Angleterre;Lors d'une ambassade auprès du duc à Ypres;Ypres;7 velours cramoisis vermeils figurés de feuillage quatre parties de deux vers et de fleurettes blanches brochées de grandes ficelles d'or (A) + 2 pièces et 5 aunes de drap de Damas cramoisi vermeil (B) + 1 couple contenant 2 pièces et 6 aunes et demie de drap de Damas vermeil teint en graine cramoisie (C);;84 l. de 30 gros nouvelle monn. de Flandre la livre/p. (A) + 36 l. de 30 gros nouvelle monn. de Flandre la livre/p. (B) + 34 l. de 30 gros nouvelle monn. de Flandre la livre/p. (C);6 August 1414;ADN, B 1903, f° 123 v°
171;Jean sans Peur;;1287;L'église Notre-Dame de Tournai;;"""Pour fourrier labbit de Notre-Dame de Tournay, que mondit seigneur a fait faire ceste presente annee lan mil CCCC et neuf, en la maniere que icellui seigneur a couste de faire chacun a la feste de la Nativité Notre-Dame""";Paris;400 menus-vairs;;18 fr. 4 s. t. monn. royal;28 September 1409;ADCO, B 1558, f° 134 r°
172;Jean sans Peur;;1287;L'église Notre-Dame de Tournai;;"""Pour vestir limage de nostre dame de Tournay a la procession qui en ladicte ville se doit faire a nostre dame ou septembre venant quil est acoustume de faire chacun an""";Paris;1 drap d'or de ramacaz;;14 fr. monn. royal;26 August 1410;ADCO, B 1560, f° 165 r°
173;Jean sans Peur;;1287;L'église Notre-Dame de Tournai;;Pour la fête de la Sainte-Croix en septembre;Tournai;2 robes de drap d'or fourrées;;40 écus de 30 gros nouvelle monn. de Flandre;14 September 1411;ADCO, B 1570, f° 219 r° et 219 v°
174;Jean sans Peur;;1287;L'église Notre-Dame de Tournai;;Le jour de la sainte Croix en septembre 1412;Aucune mention;Des robes de drap d'or fourrées de vairs;;45 écus;1 octobre 1412 (quittance);ADCO, B 1571, f° 134 r°
175;Jean sans Peur;;1327;L'église Saint-Donat de Bruges;;Aucune mention particulière;Aucune mention;1 drap de soie;;12 écus et demi;4 December 1408;ADCO, B 1556, f° 95 v°
176;Jean sans Peur;Bernard Boudrac;2245;L'église Sainte-Madeleine d'Arras;;Aucune mention particulière;Aucune mention;1 pièce de drap d'or;;22 fr. demi monn. royal;28 February 1409;ADCO, B 1556, f° 94 v°
177;Jean sans Peur;Catherine de Bourgogne;2214;Léopold IV de Habsbourg;Duc d'Autriche;Aucune mention particulière;Paris;4 aumusses à longs poils (verte, noire, vermeille, blême);;34 fr. monn. royal;5 December 1405;ADCO, B 1543, f° 128 v°
178;Jean sans Peur;;2247;Les serviteurs de Jean de Cornouailles;Un écuyer de Jean de Cornouailles;"""Estant en la compaignie de messire Jehan de Cornuaille chevalier angloiz aux armes que lors il fist a Paris a lencontre du seneschal de Haynau""";Malines;1 drap de soie;;22 fr. demi monn. royal;23 July 1409;ADCO, B 1558, f° 126 r°
179;Jean sans Peur;;2264;Les serviteurs de la comtesse de Clèves;Trois damoiselles;"Aucune mention particulière ; pour faire trois houppelande";Paris;18 aunes;;45 fr. monn. royal;3 February 1413;ADCO, B 1572, f° 50 r°
180;Jean sans Peur;;2264;Les serviteurs de la comtesse de Clèves;Une des femmes de chambre;"Aucune mention particulière ; pour faire une houppelande";Paris;6 aunes de vert brun;;12 fr. monn. royal;3 February 1413;ADCO, B 1572, f° 50 r°
181;Jean sans Peur;;2264;Les serviteurs de la comtesse de Clèves;Deux valets de chambre;"""Pour vestir deux des varlez de chambres de ladicte dame""";Paris;12 aunes de gris;;18 fr. monn. royal;3 February 1413;ADCO, B 1572, f° 50 r°
182;Jean sans Peur;;2264;Les serviteurs de la comtesse de Clèves;Trois damoiselles ;Pour fourrer les houppelandes des trois demoiselles de Marie de Bourgogne, comtesse de Clèves;Paris;2300 petits-gris;;139 fr. monn. royal;3 February 1413;ADCO, B 1572, f° 50 r°
183;Jean sans Peur;;2218;Les serviteurs de la duchesse d'Autriche;Un écuyer;"""Qui est venu devers mon dit seigneur a Paris""";Paris;1 satin;;14 fr. monn. royal;25 January 1406;ADCO, B 1543, f° 140 v°
184;Jean sans Peur;;2213;Les serviteurs du comte/duc de Clèves;Un écuyer;Aucune mention particulière;Paris;2 satins ;;32 fr. monn. royal;26 November 1405;ADCO, B 1543, f° 140 v°
185;Jean sans Peur;;2248;Les serviteurs du roi de Navarre;Un écuyer;"""Qui lui avoit presente de par ledit Roy un cheval""";Aucune mention;1 drap de Damas;;18 fr. monn. royal;8 September 1409;ADCO, B 1558, f° 138 r°
186;Jean sans Peur;;2306;Les serviteurs et officiers de la duchesse de Guyenne;Un chapelain de la duchesse de Guyenne;Aucune mention particulière;Paris;3 aulnes demi de drap noir;;16 fr. 9 d. t. monn. royal;1 October 1405;ADCO, B 1543, f° 146 r° et 146 v°
187;Jean sans Peur;;820;Les serviteurs et officiers du duc de Brabant;Un écuyer;"""Apres ce quil lui ot presente un cheval de par ycellui seigneur""";Paris;1 pièce de satin noir;;12 fr. monn. royal;6 February 1410;ADCO, B 1560, f° 153 v°
188;Jean sans Peur;;820;Les serviteurs et officiers du duc de Brabant;Un écuyer;En récompense de deux chevaux offerts par le duc de Brabant au duc de Bourgogne;Aucune mention;1 drap de soie noire;;10 écus;22 August 1411;ADCO, B 1570, f° 242 v° et 243 r°
189;Jean sans Peur;;2272;Les serviteurs et officiers du roi d'Angleterre;;Aucune mention particulière;Aucune mention;1 quartier de drap de Damas vert broché d'or + 1 quartier de drap de Damas bleu;;Aucune mention;1416;DE LABORDE, Les ducs de Bourgogne, étude sur les lettres, les arts et l'industrie pendant le XVe siècle, t. I, 1851, n° 408, p. 133
190;Jean sans Peur;;2220;Louis de France;Duc de Guyenne et Dauphin;Pour leurs noces;Paris;58 aunes de drap de Damas vert (partagées);;191 fr. 5 s. t. monn. royal;8 February 1406;ADCO, B 1543, f° 146 r°
191;Jean sans Peur;;2220;Louis de France;Duc de Guyenne, Dauphin;Pour ses étrennes;Gand;1 écharpe d'or et 5 perles;;200 écus d'or;16 February 1407;ADCO, B 1547, f° 124 r°
192;Jean sans Peur;;2220;Louis de France;Duc de Guyenne;"""Pour faire des harnois à chevaux""";Paris;6 aunes de satin vermeil + 3 quartiers de drap blanc;;10 fr. 2 s. 6 d. t. monn. royal;29 October 1409;ADCO, B 1558, f° 132 r° et 132 v°
193;Jean sans Peur;;2220;Louis de France;Duc de Guyenne;Aucune mention;Paris;1 huque de drap bleu sur laquelle sont brodées des devises du duc;;120 fr. monn. royal;8 August 1410;ADCO, B 1560, f° 164 r°
194;Jean sans Peur;;2220;Louis de France;Duc de Guyenne;Aucune mention particulière;Paris;3 paires de manches à pourpoint en satin figuré sur champ blanc et vert pour 3 hennequins;;120 fr. monn. royal;22 August 1410;ADCO, B 1560, f° 160 v°
195;Jean sans Peur;;2220;Louis de France;Duc de Guyenne;Aucune mention particulière;Aucune mention;1 houppelande à mi-jambe en velours noir figuré et broché d'or valant 820 fr. (les trois);;820 fr. monn. royal (les trois);30 September 1412;ADCO, B 1571, f° 134 v° et 135 r°
196;Jean sans Peur;;2220;Louis de France;Duc de Guyenne;Pour fourrer une houppelande;Aucune mention;Des martres;;606 fr. 5 s. t. monn. royal;22 November 1412;ADCO, B 1572, f° 49 v°
197;Jean sans Peur;;2220;Louis de France;Duc de Guyenne;Etrennes;Paris;1 drap avec de l'or et des fleurs de lys;;1200 écus;12 January 1413;ADCO, B 1572, f° 50 v°
198;Jean sans Peur;;2220;Louis de France;Duc de Guyenne;Aucune mention particulière;Aucune mention;1 pourpoint comprenant 24 anneaux d'or;;30 s. t. monn. royal;1416;DE LABORDE, Les ducs de Bourgogne, étude sur les lettres, les arts et l'industrie pendant le XVe siècle, t. I, 1851, n° 309, pp. 111-112
199;Jean sans Peur;;1964;Louis II de Chalon-Arlay;Seigneur d'Arguel;Aucune mention particulière;Gand;1 drap de Damas cramoisi contenant 2 pièces 4 aunes et demie brochés d'argent de Chypre;;70 l. de 30 gros nouvelle monn. de Flandre la livre/p.;1 October 1414;ADN, B 1903, f° 124 r° et 124 v°
200;Jean sans Peur;;20;Louis Salart, dit Le Jeune;Page du duc;Aucune mention particulière;Aucune mention;1 robe en satin vermeil;;6 fr. monn. royal;10 August 1408;ADCO, B 1556, f° 97 r°
201;Jean sans Peur;;259;Lourdin de Saligny;;Aucune mention particulière;Aucune mention;1 tabard en drap bleu;;Aucune mention;14 August 1407;ADCO, B 1556, f° 98 v°
202;Jean sans Peur;;259;Lourdin de Saligny;;Aucune mention particulière;Aucune mention;Des pannes à grandes bombardes en satin et drap de Damas;;Aucune mention;16 May 1408;ADCO, B 1556, f° 102 r°
203;Jean sans Peur;;259;Lourdin de Saligny;Conseiller et chambellan du duc;Aucune mention particulière;Paris;1 robe en satin de soie figuré;;450 fr. (l'ensemble);23 August 1410;ADCO, B 1560, f° 160 v°
204;Jean sans Peur;;259;Lourdin de Saligny;Conseiller et chambellan du duc;Aucune mention particulière;Paris;1 manteau avec un fermail d'or garni de cinq grosses perles, un rubis au milieu et un diamant plat dessus;;;18 October 1410;ADCO, B 1560, f° 162 r°
205;Jean sans Peur;;259;Lourdin de Saligny;Chambellan du duc;Aucune mention particulière;Paris;1 robe en drap d'Ypres noir;;;25 November 1410;ADCO, B 1560, f° 164 v°
206;Jean sans Peur;;2252;Maître Jean;Armurier du roi;"""Pour faire unr robe de la livrée du duc";Aucune mention;1 drap de laine;;13 fr. demi monn. royal;1 septebre 1410;ADCO, B 1562, f° 56 v°
207;Jean sans Peur;;5562;Marguerite Berthault;Berceresse de Jeanne de Bourgogne, fille du duc;Aucune mention particulière;Compiègne;4 aune de brun vert;;28 s./aune;24 June 1406;ADCO, B 1543, f° 149 r°
208;Jean sans Peur;;454;Marguerite de Bourgogne, de Guyenne;Duchesse de Guyenne;Pour leurs noces;Paris;58 aunes de drap de Damas vert (partagées);;191 fr. 5 s. t. monn. royal;8 February 1406;ADCO, B 1543, f° 146 r°
209;Jean sans Peur;;454;Marguerite de Bourgogne, de Guyenne;Duchesse de Guyenne ;Pour les serviteurs de la duchesse de Guyenne;Aucune mention;Des draps;;31 fr. monn. royal;2 September 1407;ADCO, B 1547, f° 128 v°
210;Jean sans Peur;;942;Marguerite de Flavigny;Berceresse et nourrice d'Anne de Bourgogne, fille du duc;Aucune mention particulière;Compiègne;4 aune de brun vert;;28 s./aune;24 June 1406;ADCO, B 1543, f° 149 r°
211;Jean sans Peur;;946;Marguerite d'Ypres;Femme de chambre de la duchesse et des filles du duc;Pour faire une robe;Compiègne;3 aunes de gris;;20 s./aune;24 June 1406;ADCO, B 1543, f° 149 r°
212;Jean sans Peur;;1779;Marguerite La Boitelle;Femme de Guillaume Barrault, secrétaire du roi et du duc;"""Pour pluseurs grans et notables services que son dit mary et elle ont faiz a mon dit seigneur""";Aucune mention;1 chambre faite de tapisseries ;;240 fr. monn. royal;1 July 1411;ADCO, B 1570, f° 221 v°
213;Jean sans Peur;;1779;Marguerite La Boitelle;Femme de Guillaume Barrault, secrétaire du roi;Aucune mention particulière;Aucune mention;1 houppelande de fin vert brun;;Aucune mention;17 May 1413;ADCO, B 1601, f° 98 r°
214;Jean sans Peur;;1779;Marguerite La Boitelle;Femme de Guillaume Barrault, secrétaire du roi;Aucune mention particulière;Aucune mention;2000 menus-vairs (partagés);;Aucune mention;17 May 1413;ADCO, B 1601, f° 98 v°
215;Jean sans Peur;;2226;Marie d'Ayne;Damoiselle de la duchesse;Pour faire une robe;Compiègne;5 aunes de soie d'Ypres;;15 s./aune;24 June 1406;ADCO, B 1543, f° 149 r°
216;Jean sans Peur;;2226;Marie d'Ayne;Damoiselle de la duchesse;"""Fait robes et mantel pour le jour de ses nopces""";Saint-Omer;Plusieurs robes + 1 manteau ;;68 fr. monn. royal;6 November 1406;ADCO, B 1543, f° 140 r°
217;Jean sans Peur;;2249;Marie de Bourgogne, de Clèves;Comtesse de Clèves;Aucune mention particulière;Paris;1 houppelande en satin noir moucheté de cramoisi et de plusieurs couleurs;;125 fr. monn. royal;28 September 1409;ADCO, B 1558, f° 128 r°
218;Jean sans Peur;;2249;Marie de Bourgogne, de Clèves;Comtesse de Clèves;Lors du trépas de la comtesse de Penthièvre;Aucune mention;1 robe en drap noir;;59 l. 15 s. t. monn. royal;28 août 1412 (mandement);ADCO, B 1571, f° 137 r°
219;Jean sans Peur;;2249;Marie de Bourgogne, de Clèves;Comtesse de Clèves;"Lors de son départ pour le comté de Clèves ; pour faire une houppelande";Paris;6 aunes d'écarlate vermeil;;42 fr. monn. royal;3 February 1413;ADCO, B 1572, f° 50 r°
220;Jean sans Peur;;2249;Marie de Bourgogne, de Clèves;Comtesse de Clèves;"Lors de son départ pour le comté de Clèves ; pour faire une houppelande";Paris;6 aunes de vert brun;;21 fr. monn. royal;3 February 1413;ADCO, B 1572, f° 50 r°
221;Jean sans Peur;;2249;Marie de Bourgogne, de Clèves;Comtesse de Clèves;"Lors de son départ pour le comté de Clèves ; pour faire une houppelande";Paris;6 aunes de vert gai;;21 fr. monn. royal;3 February 1413;ADCO, B 1572, f° 50 r°
222;Jean sans Peur;;2249;Marie de Bourgogne, de Clèves;Comtesse de Clèves;Pour fourrer trois houppelandes de Marie de Bourgogne, comtesse de Clèves;Paris;3600 petits-gris;;180 fr. monn. royal;3 February 1413;ADCO, B 1572, f° 50 r°
223;Jean sans Peur;;2249;Marie de Bourgogne, de Clèves;Comtesse de Clèves;Pour fourrer une houppelande de drap d'or;Paris;3000 menus-vairs;;120 fr. monn. royal;3 February 1413;ADCO, B 1572, f° 50 r°
224;Jean sans Peur;;1317;Marie de Montreal;Damoiselle de la duchesse;Aucune mention particulière;Compiègne;4 aune de brun vert;;28 s./aune;24 June 1406;ADCO, B 1543, f° 149 r°
225;Jean sans Peur;;1267;Mathieu de Foix;Chambellan du duc;Aucune mention particulière;Paris;1 robe en drap d'Ypres noir;;;25 November 1410;ADCO, B 1560, f° 164 v°
226;Jean sans Peur;;2238;Morimont de Tourzel;Baron d'Allegre, conseiller et chambellan du duc de Berry;Aucune mention particulière;Arras;Des draps de laine écarlate vermeille;;6 écus/p.;14 February 1408;ADCO, B 1554, f° 131 r°
227;Jean sans Peur;;2236;Olivier de Châtillon;Comte de Penthièvre;Aucune mention particulière;Bruges;1 robe en drap gris et blanc;;Aucune mention;27 April 1407;ADCO, B 1554, f° 131 r°
228;Jean sans Peur;;2236;Olivier de Châtillon;Comte de Penthièvres;Pour faire un harnois;Paris;1 aune demie de drap blanc, rouge et noir;;36 s. t. monn. royal;10 May 1407;ADCO, B 1554, f° 129 r°
229;Jean sans Peur;;2236;Olivier de Châtillon;Comte de Penthièvre;Aucune mention particulière;Paris;1 robe;;Aucune mention;2 May 1408;ADCO, B 1547, f° 127 r°
230;Jean sans Peur;;2236;Olivier de Châtillon;Comte de Penthièvre;Aucune mention particulière;Paris;1 manteau + 1 houppelande + 1 chaperon;;Aucune mention;2 May 1408;ADCO, B 1547, f° 127 v°
231;Jean sans Peur;;2236;Olivier de Châtillon;Comte de Penthièvre;Aucune mention particulière;Aucune mention;Des pannes à grandes bombardes en satin et drap de Damas;;Aucune mention;16 May 1408;ADCO, B 1556, f° 102 r°
232;Jean sans Peur;;2236;Olivier de Châtillon;Comte de Penthièvre;Aucune mention particulière;Paris;1 robe en laine grise de Montivilliers;;Aucune mention;31 May 1408;ADCO, B 1554, f° 127 r°
233;Jean sans Peur;;2236;Olivier de Châtillon;Comte de Penthièvre, chambellan du duc;Aucune mention particulière;Paris;1 robe en drap d'Ypres noir;;;25 November 1410;ADCO, B 1560, f° 164 v°
234;Jean sans Peur;;2237;Oudin;Valet d'aumône du duc;Aucune mention particulière;Aucune mention;Des draps;;4 fr. monn. royal;7 September 1407;ADCO, B 1547, f° 128 v°
235;Jean sans Peur;;2216;Paonniet de Pree (?);Chevalier et chambellan du duc;Aucune mention particulière;Paris;1 pièce de veau noir sur soie de Florence;;37 fr. monn. royal;31 December 1405;ADCO, B 1543, f° 144 r°
236;Jean sans Peur;;814;Paulin Gambrin, dit d'Alexandrie;Trompette du duc;Etrennes;Aucune mention;1 robe de drap de Damas fourrée de martres;;135 fr. monn. royal;1 January 1415;ADCO, B 393, liasse 68, c. 118
237;Jean sans Peur;;245;Philibert de Chantemerle;;Aucune mention particulière;Paris;1 robe en laine grise;;Aucune mention;10 May 1407;ADCO, B 1554, f° 128 r°
238;Jean sans Peur;;2223;Philippe de Bourgogne;Comte de Rethel, frère de Jean sans Peur;Aucune mention particulière;Arras;2 tapis d'or de Chypre, l'un avec l'histoire de Sainte Anne;;;7 June 1406;ADCO, B 1547, f° 140 v°
239;Jean sans Peur;;1987;Philippe de Saint-Pol;Comte de Saint-Pol;Aucune mention particulière;Aucune mention;1 houppelande de satin noir;;2 fr. 8 s. monn. royal;1416;DE LABORDE, Les ducs de Bourgogne, étude sur les lettres, les arts et l'industrie pendant le XVe siècle, t. I, 1851, n° 343, p. 118
240;Jean sans Peur;;1987;Philippe de Saint-Pol;Comte de Saint-Pol;Aucune mention particulière;Aucune mention;1 manteau en soie;;2 fr. monn. royal;1416;DE LABORDE, Les ducs de Bourgogne, étude sur les lettres, les arts et l'industrie pendant le XVe siècle, t. I, 1851, n° 344, pp. 118-119
241;Jean sans Peur;;1987;Philippe de Saint-Pol;Comte de Saint-Pol;Aucune mention particulière;Aucune mention;1 pourpoint de satin noir;;40 s. p. monn. royal;1416;DE LABORDE, Les ducs de Bourgogne, étude sur les lettres, les arts et l'industrie pendant le XVe siècle, t. I, 1851, n° 345, p. 118
242;Jean sans Peur;;1987;Philippe de Saint-Pol;Comte de Saint-Pol;Pour faire des chausses;Aucune mention;1 drap ;;36 écus 4 s. 6 d.;1416;DE LABORDE, Les ducs de Bourgogne, étude sur les lettres, les arts et l'industrie pendant le XVe siècle, t. I, 1851, n° 357, p. 122
243;Jean sans Peur;;1987;Philippe de Saint-Pol;Comte de Saint-Pol;Aucune mention particulière;Aucune mention;1 robe de drap noir de Damas fourrée de martres;;2 écus;1416;DE LABORDE, Les ducs de Bourgogne, étude sur les lettres, les arts et l'industrie pendant le XVe siècle, t. I, 1851, n° 367, p. 124
244;Jean sans Peur;;1987;Philippe de Saint-Pol;Comte de Saint-Pol;Aucune mention particulière;Aucune mention;2 grands chapperons noirs de brunettes;;9 s. 3 d. t. monn. royal;1416;DE LABORDE, Les ducs de Bourgogne, étude sur les lettres, les arts et l'industrie pendant le XVe siècle, t. I, 1851, n° 368, p. 124
245;Jean sans Peur;;1987;Philippe de Saint-Pol;Comte de Saint-Pol;Aucune mention particulière;Aucune mention;6 paires de chausses;;1 écus 10 s.;1416;DE LABORDE, Les ducs de Bourgogne, étude sur les lettres, les arts et l'industrie pendant le XVe siècle, t. I, 1851, n° 369, p. 124
246;Jean sans Peur;;1987;Philippe de Saint-Pol;Comte de Saint-Pol;Aucune mention particulière;Aucune mention;1 robe avec des rabots en motif ;;Aucune mention;1416;DE LABORDE, Les ducs de Bourgogne, étude sur les lettres, les arts et l'industrie pendant le XVe siècle, t. I, 1851, n° 373, p. 124
247;Jean sans Peur;;1987;Philippe de Saint-Pol;Comte de Saint-Pol, neveu de Jean sans Peur;Aucune mention particulière;Aucune mention;1 longue houppelande de drap de Damas noir broché d'or;;Aucune mention;1416;DE LABORDE, Les ducs de Bourgogne, étude sur les lettres, les arts et l'industrie pendant le XVe siècle, t. I, 1851, n° 412, p. 136
248;Jean sans Peur;;1987;Philippe de Saint-Pol;Comte de Saint-Pol, neveu de Jean sans Peur;Aucune mention particulière;Aucune mention;1 houppelande à mi-jambe d'écarlate vermeil d'Angleterre;;Aucune mention;1416;DE LABORDE, Les ducs de Bourgogne, étude sur les lettres, les arts et l'industrie pendant le XVe siècle, t. I, 1851, n° 418, p. 137
249;Jean sans Peur;;1987;Philippe de Saint-Pol;Comte de Saint-Pol, neveu de Jean sans Peur;Aucune mention particulière;Aucune mention;1 houppelande d'écarlate;;Aucune mention;1416;DE LABORDE, Les ducs de Bourgogne, étude sur les lettres, les arts et l'industrie pendant le XVe siècle, t. I, 1851, n° 418, p. 137
250;Jean sans Peur;;1987;Philippe de Saint-Pol;Comte de Saint-Pol, neveu de Jean sans Peur;Aucune mention particulière;Aucune mention;3 grands chaperons doublés + 6 paires de chausses noires;;Aucune mention;1416;DE LABORDE, Les ducs de Bourgogne, étude sur les lettres, les arts et l'industrie pendant le XVe siècle, t. I, 1851, n° 418, pp. 137-138
251;Jean sans Peur;;1987;Philippe de Saint-Pol;Comte de Saint-Pol;Aucune mention particulière;Aucune mention;1 longue houppelande en drap de Damas noir broché à feuilles d'argent et figuré de soie vert;;Aucune mention;1416;DE LABORDE, Les ducs de Bourgogne, étude sur les lettres, les arts et l'industrie pendant le XVe siècle, t. I, 1851, n° 424, p. 138
252;Jean sans Peur;;1987;Philippe de Saint-Pol;Comte de Saint-Pol;Aucune mention particulière;Aucune mention;3 grands chaperons doublés de noir;;Aucune mention;1416;DE LABORDE, Les ducs de Bourgogne, étude sur les lettres, les arts et l'industrie pendant le XVe siècle, t. I, 1851, n° 441, p. 141
253;Jean sans Peur;;1987;Philippe de Saint-Pol;Comte de Saint-Pol;Aucune mention particulière;Aucune mention;1 houppelande à mi-jambe de brunette à manches closes, fourée de martres;;Aucune mention;1416;DE LABORDE, Les ducs de Bourgogne, étude sur les lettres, les arts et l'industrie pendant le XVe siècle, t. I, 1851, n° 444, p. 143
254;Jean sans Peur;;1987;Philippe de Saint-Pol;Comte de Saint-Pol;Aucune mention particulière;Aucune mention;1 houppelande de satin noir à manches closes, fourrée de martres;;Aucune mention;1416;DE LABORDE, Les ducs de Bourgogne, étude sur les lettres, les arts et l'industrie pendant le XVe siècle, t. I, 1851, n° 447, p. 143
255;Jean sans Peur;;1987;Philippe de Saint-Pol;Comte de Saint-Pol;Aucune mention particulière;Aucune mention;1 houppelande d'écarlate vermeil à mi-jambe et manches closes, découpée par le bas et fourrée de martres ;;Aucune mention;1416;DE LABORDE, Les ducs de Bourgogne, étude sur les lettres, les arts et l'industrie pendant le XVe siècle, t. I, 1851, n° 456, p. 147
256;Jean sans Peur;;1987;Philippe de Saint-Pol;Comte de Saint-Pol;Aucune mention particulière;Aucune mention;3 paires de draps de lit en toile à l'aune de Troyes;;36 fr. monn. royal;24 March 1418;ADCO, B 1601, f° 91 r°
257;Jean sans Peur;;1987;Philippe de Saint-Pol;Comte de Saint-Pol;Aucune mention particulière;Aucune mention;1 robe vert brun de Rouen + 1 chaperon de vert brun de Rouen + 4 paires de chausses de vert brun de Rouen;;Aucune mention;24 March 1418;ADCO, B 1601, f° 91 r° et 91 v°
258;Jean sans Peur;;1987;Philippe de Saint-Pol;Comte de Saint-Pol;Pour les pages du comte de Saint-Pol;Aucune mention;3 paires de chausses;;37 s. 6 d. t. monn. royal;24 March 1418;ADCO, B 1601, f° 91 v°
259;Jean sans Peur;;1987;Philippe de Saint-Pol;Comte de Saint-Pol;Aucune mention particulière;Aucune mention;3 pourpoints de futaine blanche;;Aucune mention;24 March 1418;ADCO, B 1601, f° 91 v°
260;Jean sans Peur;;1987;Philippe de Saint-Pol;Comte de Saint-Pol;Pour les pages du comte de Saint-Pol;Aucune mention;3 pourpoints de futaine blanche;;Aucune mention;24 March 1418;ADCO, B 1601, f° 91 v°
261;Jean sans Peur;;1987;Philippe de Saint-Pol;Comte de Saint-Pol;Aucune mention particulière;Aucune mention;1 robe de vert de Montvilliers;;Aucune mention;29 May 1418;ADCO, B 1594, f° 163 v° et 164 r°
262;Jean sans Peur;;1987;Philippe de Saint-Pol;Comte de Saint-Pol;Aucune mention particulière;Aucune mention;1000 martres brunes de Zweghe;;562 fr. demi monn. royal;31 October 1418;ADCO, B 1601, f° 92 r°
263;Jean sans Peur;;1987;Philippe de Saint-Pol;Comte de Saint-Pol;Aucune mention particulière;Aucune mention;1 houppelande de gris de Montvilliers;;Aucune mention;31 October 1418;ADCO, B 1601, f° 92 r°
264;Jean sans Peur;;1987;Philippe de Saint-Pol;Comte de Saint-Pol;Aucune mention particulière;Aucune mention;1 houppelande en drap de Damas cramoisi figuré de soie de plusieurs couleurs et brochée d'argent;;Aucune mention;31 October 1418;ADCO, B 1601, f° 92 v°
265;Jean sans Peur;;1987;Philippe de Saint-Pol;Comte de Saint-Pol;Aucune mention particulière;Aucune mention;1 houppelande en drap de Damas noir broché d'argent figurée de soi verte;;Aucune mention;31 October 1418;ADCO, B 1601, f° 92 v°
266;Jean sans Peur;;1987;Philippe de Saint-Pol;Comte de Saint-Pol;Aucune mention particulière;Aucune mention;1 houppelande en drap de Damas noir;;Aucune mention;31 October 1418;ADCO, B 1601, f° 92 v°
267;Jean sans Peur;;1987;Philippe de Saint-Pol;Comte de Saint-Pol;Aucune mention particulière;Aucune mention;1 houppelande en penne noire de Lombardie;;Aucune mention;31 October 1418;ADCO, B 1601, f° 92 v°
268;Jean sans Peur;;1987;Philippe de Saint-Pol;Comte de Saint-Pol;Aucune mention particulière;Aucune mention;2 houppelandes de vert brun;;Aucune mention;31 October 1418;ADCO, B 1601, f° 92 v°
269;Jean sans Peur;;1987;Philippe de Saint-Pol;Comte de Saint-Pol;Aucune mention particulière;Aucune mention;1 pourpoint en peau de chamois blancs;;3 fr. 15 s. t. monn. royal;31 October 1418;ADCO, B 1601, f° 92 v°
270;Jean sans Peur;;1987;Philippe de Saint-Pol;Comte de Saint-Pol;Aucune mention particulière;Aucune mention;1 jaquette en satin vermeil;;Aucune mention;14 November 1418;ADCO, B 1601, f° 97 v°
271;Jean sans Peur;;1987;Philippe de Saint-Pol;Comte de Saint-Pol;Aucune mention particulière;Aucune mention;1 chaperon double fourré en drap écartlate vermeil de Montivilliers;;Aucune mention;25 April 1419;ADCO, B 1601, f° 93v°
272;Jean sans Peur;;1987;Philippe de Saint-Pol;Comte de Saint-Pol;Aucune mention particulière;Aucune mention;1 robe en vert perdu de Rouen + 1 grand chaperon en vert perdu de Rouen;;Aucune mention;25 April 1419;ADCO, B 1601, f° 93 v°
273;Jean sans Peur;;1987;Philippe de Saint-Pol;Comte de Saint-Pol;Aucune mention particulière;Aucune mention;1 robe en vert brun de Montivilliers fourrée de penne noire de Lombardie + 1 chaperon doublé + 2 paires de chausses;;12 fr. demi monn. royal;25 April 1419;ADCO, B 1601, f° 93 v°
274;Jean sans Peur;;1987;Philippe de Saint-Pol;Comte de Saint-Pol;Aucune mention particulière;Aucune mention;1 robe en vert perdu de Rouen  + 1 chaperon doublé + 2 paires de chausses avec la devise du comte de Saint-Pol;;17 fr. demi monn. royal;25 April 1419;ADCO, B 1601, f° 93 v°
275;Jean sans Peur;;1987;Philippe de Saint-Pol;Comte de Saint-Pol;Aucune mention particulière;Aucune mention;1 robe en drap de Damas noir broché d'argent, fourrée de martres + 1 pourpoint;;135 fr. monn. royal;25 April 1419;ADCO, B 1601, f° 93 v°
276;Jean sans Peur;;1987;Philippe de Saint-Pol;Comte de Saint-Pol;Aucune mention particulière;Aucune mention;4 chaperons à la devise de Saint-Pol;;Aucune mention;25 April 1419;ADCO, B 1601, f° 94 r°
277;Jean sans Peur;;1987;Philippe de Saint-Pol;Comte de Saint-Pol;Aucune mention particulière;Aucune mention;4 paires de chauses noires brodées;;Aucune mention;25 April 1419;ADCO, B 1601, f° 94 r°
278;Jean sans Peur;;2263;Philippe d'Orléans;Comte de Vertus;Aucune mention partiuclière;Aucune mention;1 harnois de drap noir, blanc et vert;;9 fr. monn. royal;13 January 1413;ADCO, B 1571, f° 139 r° et 139 v°
279;Jean sans Peur;;2268;Philippe le Bon;Comte de Charolais;Aucune mention particulière;Aucune mention;1 robe de drap vert contenant une grande quantité d'orfèvrerie;;52 fr. 10 s. 16 d. t. monn. royal;1416;DE LABORDE, Les ducs de Bourgogne, étude sur les lettres, les arts et l'industrie pendant le XVe siècle, t. I, 1851, n° 330, p. 115
280;Jean sans Peur;;2268;Philippe le Bon;Comte de Charolais;Aucune mention particulière;Aucune mention;1 chaperon avec une grande quantité d'orfèvrerie;;14 s. 7 d. t. monn. royal;1416;DE LABORDE, Les ducs de Bourgogne, étude sur les lettres, les arts et l'industrie pendant le XVe siècle, t. I, 1851, n° 331, pp. 115-116
281;Jean sans Peur;;2268;Philippe le Bon;;Pour faire des chausses;Aucune mention;1 drap ;;36 écus 4 s. 6 d. ;1416;DE LABORDE, Les ducs de Bourgogne, étude sur les lettres, les arts et l'industrie pendant le XVe siècle, t. I, 1851, n° 357, p. 122
282;Jean sans Peur;;2268;Philippe le Bon;;Aucune mention particulière;Aucune mention;1 robe avec des rabots en motif ;;Aucune mention;1416;DE LABORDE, Les ducs de Bourgogne, étude sur les lettres, les arts et l'industrie pendant le XVe siècle, t. I, 1851, n° 373, p. 124
283;Jean sans Peur;;2268;Philippe le Bon;Comte de Charolais;Aucune mention particulière;Aucune mention;1 houppelande à mi-jambe d'écarlate vermeil d'Angleterre;;Aucune mention;1416;DE LABORDE, Les ducs de Bourgogne, étude sur les lettres, les arts et l'industrie pendant le XVe siècle, t. I, 1851, n° 412, p. 136
284;Jean sans Peur;;2268;Philippe le Bon;Comte de Charolais;Aucune mention particulière;Aucune mention;3 grands chaperons doublés + 6 paires de chausses noires;;Aucune mention;1416;DE LABORDE, Les ducs de Bourgogne, étude sur les lettres, les arts et l'industrie pendant le XVe siècle, t. I, 1851, n° 418, p. 137
285;Jean sans Peur;;2268;Philippe le Bon;Comte de Charolais;Aucune mention particulière;Aucune mention;1 chaperon doublé de gris de Rouen;;Aucune mention;1416;DE LABORDE, Les ducs de Bourgogne, étude sur les lettres, les arts et l'industrie pendant le XVe siècle, t. I, 1851, n° 420, p. 138
286;Jean sans Peur;;2268;Philippe le Bon;Comte de Charolais;Aucune mention particulière;Aucune mention;Un plicon et une paire de bottes;;Aucune mention;1416;DE LABORDE, Les ducs de Bourgogne, étude sur les lettres, les arts et l'industrie pendant le XVe siècle, t. I, 1851, n° 421, p. 138
287;Jean sans Peur;;2268;Philippe le Bon;Comte de Charolais;Aucune mention particulière;Aucune mention;1 houppelande d'écarlate vermeil d'Angleterre;;Aucune mention;1416;DE LABORDE, Les ducs de Bourgogne, étude sur les lettres, les arts et l'industrie pendant le XVe siècle, t. I, 1851, n° 436, p. 140
288;Jean sans Peur;;2268;Philippe le Bon;Comte de Charolais;Aucune mention particulière;Aucune mention;3 grands chaperons doublés de noir ;;Aucune mention;1416;DE LABORDE, Les ducs de Bourgogne, étude sur les lettres, les arts et l'industrie pendant le XVe siècle, t. I, 1851, n° 441, p. 141
289;Jean sans Peur;;2268;Philippe le Bon;Comte de Charolais;Aucune mention particulière;Aucune mention;1 houppelande à mi-jambe de satin noir;;Aucune mention;1416;DE LABORDE, Les ducs de Bourgogne, étude sur les lettres, les arts et l'industrie pendant le XVe siècle, t. I, 1851, n° 444, p. 142
290;Jean sans Peur;;2268;Philippe le Bon;Comte de Charolais;Aucune mention particulière;Aucune mention;1 houppelande d'écarlate vermeil à mi-jambe et manches closes;;Aucune mention;1416;DE LABORDE, Les ducs de Bourgogne, étude sur les lettres, les arts et l'industrie pendant le XVe siècle, t. I, 1851, n° 455, p. 147
291;Jean sans Peur;;128;Philippe Musnier, dit Jossequin;Valet de chambre du duc;Aucune mention particulière;Paris;1 drap;;12 fr. monn. royal;10 May 1407;ADCO, B 1554, f° 129 r°
292;Jean sans Peur;;128;Philippe Musnier, dit Jossequin;Valet de chambre du duc;Aucune mention particulière;Aucune mention;Des draps;;12 fr. monn. royal;18 November 1407;ADCO, B 1547, f° 129 r°
293;Jean sans Peur;;128;Philippe Musnier, dit Jossequin;Valet de chambre du duc;Aucune mention particulière;Aucune mention;2 draps de soie et 3 quartiers;;68 fr. monn. royal;28 February 1409;ADCO, B 1556, f° 94 v°
294;Jean sans Peur;;128;Philippe Musnier, dit Jossequin;Valet de chambre du duc;Aucune mention particulière;Paris;Des paires de souliers;;12 fr. monn. royal;24 March 1409;ADCO, B 1558, f° 235 v°
295;Jean sans Peur;;128;Philippe Musnier, dit Jossequin;Valet de chambre du duc;Pour faire une robe;Dijon;2 pièces de satin noir;;22 fr. demi/p.;19 May 1409;ADCO, B 1558, f° 125 v°
296;Jean sans Peur;;128;Philippe Musnier, dit Jossequin;Valet de chambre du duc;"""Donnez de sa grace especiale""";Paris;2 draps de soie;;100 fr. monn. royal;13 December 1409;ADCO, B 1558, f° 129 r° et 129 v°
297;Jean sans Peur;;128;Philippe Musnier, dit Jossequin;Valet de chambre du duc;Aucune mention particulière;Paris;1 robe en drap d'Ypres noir;;;25 November 1410;ADCO, B 1560, f° 164 v°
298;Jean sans Peur;;121;Pierre Bernier;Prêtre chapelain de la chapelle de la duchesse de Guyenne;Aucune mention particulière;Aucune mention;Des draps;;15 fr. monn. royal;11 November 1407;ADCO, B 1547, f° 128 v°
299;Jean sans Peur;;123;Pierre Cordelier;Valet de garde-robe de la duchesse de Guyenne;Aucune mention particulière;Paris;1 robe de drap noir;;18 s./p.;1 October 1405;ADCO, B 1543, f° 146 v°
300;Jean sans Peur;;162;Pierre de La Rocherousse;;Aucune mention particulière;Paris;1 robe en laine grise;;Aucune mention;10 May 1407;ADCO, B 1554, f° 128 r°
301;Jean sans Peur;;402;Pierre de La Tremoille;Chevalier;"""Lesqulez ont este nouveaux chevaliers oy voyage derrain fait ou pais du Liege pour faire chacune une robe""";Aucune mention;1 pièce de velours de satin vermeil;;32 écus;4 December 1408;ADCO, B 1556, f° 95 v°
302;Jean sans Peur;;402;Pierre de La Tremoille;Chevalier;"""A sa nouvelle chevalerie""";Aucune mention;1 longue houppelande de velours vermeil fourrée de martres;;Aucune mention;2 January 1409;ADCO, B 1556, f° 100 r°
303;Jean sans Peur;;743;Pierre des Essarts;Prévôt de Paris, chambellan du duc;Aucune mention particulière;Paris;1 robe en drap d'Ypres noir;;;25 November 1410;ADCO, B 1560, f° 164 v°
304;Jean sans Peur;;2233;Pierre Vermer (?);Premier chapelain de la duchesse de Guyenne;Aucune mention particulière;Aucune mention;6 aunes de drap;;24 s./aune;21 December 1406;ADCO, B 1547, f° 101 r°
305;Jean sans Peur;;2240;Pokerru (?);;"""Pour aller en Behaigne ou mon dit seigneur les envoyoit lors pour le mariage de monseigneur le duc de Brabant""";Aucune mention;1 pièce de baudequins de plusieurs couleurs;;15 fr. monn. royal/p.;4 August 1408;ADCO, B 1556, f° 96 r° et 96 v°
306;Jean sans Peur;;508;Raoul Le Maire;Conseiller du duc;Pour ses étrennes;Aucune mention;Un drap de laine écarlate d'Ypres;;Aucune mention;1 January 1408;ADCO, B 1554, f° 135 r°
307;Jean sans Peur;;275;Regnaudin Doriac;Conseiller du duc;Aucune mention particulière;Paris;1 pièce de drap de Damas;;33 fr. 15 s. t. monn. royal/p.;7 November 1410;ADCO, B 1560, f° 161 v°
308;Jean sans Peur;;152;Regnier Pot;;"""Pour aller en Behaigne ou mon dit seigneur les envoyoit lors pour le mariage de monseigneur le duc de Brabant""";Aucune mention;1 pièce de baudequins de plusieurs couleurs;;15 fr. monn. royal/p.;4 August 1408;ADCO, B 1556, f° 96 r° et 96 v°
309;Jean sans Peur;;281;Richard Le Conte;Barbier et valet de chambre du duc;Aucune mention particulière;Paris;1 drap;;12 fr. monn. royal;10 May 1407;ADCO, B 1554, f° 129 r°
310;Jean sans Peur;;281;Richard Le Conte;Barbier et valet de chambre du duc;Aucune mention particulière;Aucune mention;Des draps;;12 fr. monn. royal;18 November 1407;ADCO, B 1547, f° 129 r°
311;Jean sans Peur;;2164;Robert de Bar;;Aucune mention particulière;Aucune mention;Des pannes à grandes bombardes en satin et drap de Damas;;Aucune mention;16 May 1408;ADCO, B 1556, f° 102 r°
312;Jean sans Peur;;601;Robert de Wavrin;Seigneur de Wavrin;Aucune mention particulière;Aucune mention;1 tabard en drap bleu;;Aucune mention;14 August 1407;ADCO, B 1556, f° 98 v°
313;Jean sans Peur;;2115;Robert Le Macon;Ambassadeur du Dauphin et du duc de Berry;Lors d'une ambassade devant le duc de Bourgogne;Arras;Des draps de laine écarlate vermeille;;6 écus/p.;14 February 1408;ADCO, B 1554, f° 131 r°
314;Jean sans Peur;;2115;Robert Le Macon;Ambassadeur du Dauphin et du duc de Berry;Lors d'une ambassade auprès du duc à Lille au nom du Dauphin Louis et du duc de Berry;Arras;Des tissus d'écarlate vermeille (partagés);;155 écus d'or;14 February 1408;ADCO, B 1547, f° 131 r°
315;Jean sans Peur;;2115;Robert Le Macon;Conseiller du roi de Sicile;"""Pour une robe""";Paris;2 draps de Damas;;45 fr. monn. royal;23 May 1410;ADCO, B 1560, f° 153 v°
316;Jean sans Peur;Jean de Boutheville;2265;Robert Stuart;Duc d'Albany;Aucune mention particulière;Arras;1 chambre de tapisserie de hautelisse de couleur pers semée de perselles contenant 5 pièces et les goutières. Chaque pièce contient une image d'une grande femme avoir des petits enfants entourés d'or. La chambre contient 200 aunes carrée à l'aune d'Arras;;278 fr. 15 s. t. monn. royal;29 March 1414;ADN, B 1903, f° 130 r° et 130 v°
317;Jean sans Peur;;267;Roland d'Uutkerke;;Aucune mention particulière;Aucune mention;Des pannes à grandes bombardes en satin et drap de Damas;;Aucune mention;16 May 1408;ADCO, B 1556, f° 102 r°
318;Jean sans Peur;;267;Roland d'Uutkerke;Chambellan du duc;Aucune mention particulière;Paris;1 robe en drap d'Ypres noir;;;25 November 1410;ADCO, B 1560, f° 164 v°
319;Jean sans Peur;;267;Roland d'Uutkerke;Chevalier, conseiller et chambellan du duc;Aucune mention particulière;Gand;2 pièces de draps de velours noirs sur soie (A) + 2 draps de Damas noirs (B);;30 l. de 30 gros nouvelle monn. de Flandre la livre/p. (A) + 20 l. de 30 gros nouvelle monn. de Flandre la livre (B);1 October 1414;ADN, B 1903, f° 124 r°
320;Jean sans Peur;;2212;Thierry;Ecuyer du comte de Clèves;Aucune mention particulière;Paris;1 drap de Damas noir;;20 fr. monn. royal;26 November 1405;ADCO, B 1543, f° 140 v°
321;Jean sans Peur;;2250;Un sarrasin;;Le don est fait à la Pentecôte, à Dijon;Paris;1 robe + 1 chaperon;;13 écus;18 November 1409;ADCO, B 1558, f° 132 v°
322;Jean sans Peur;;5560;Un sergent;;Un sergent qui alla aiorner le receveur aux requêtes du palais;Aucune mention;Des draps;;Aucune mention;18 November 1407;ADCO, B 1547, f° 128 v°
323;Jean sans Peur;;496;Willequin Bloc;Fauconnier du duc;Aucune mention particulière;Aucune mention;1 robe;;Aucune mention;2 April 1407;ADCO, B 1547, f° 135 r°
324;Jean sans Peur;;496;Willequin Bloc;Fauconnier du duc;Aucune mention particulière;Aucune mention;1 robe en laine;;Aucune mention;2 November 1407;ADCO, B 1554, f° 135 r°
325;Jean sans Peur;;2269;William de La Pole;Comte de Suffolk;Aucune mention particulière;Aucune mention;1 drap de satin cramoisi broché d'or;;Aucune mention;1416;DE LABORDE, Les ducs de Bourgogne, étude sur les lettres, les arts et l'industrie pendant le XVe siècle, t. I, 1851, n° 396, pp. 132-133
326;Jean sans Peur;;;12 pages palefreniers et valets de pied du duc, 4 ménestrels et 2 trompettes;;Pour faire 18 robes;Aucune mention;124 aunes de vermeil de Tournai;;69 écus 19 s. t. monn. royal;2 January 1409;ADCO, B 1556, f° 98 r°
